Symbol,Tipo,Fecha,Precio_Entrada,Stop_Loss_Inicial,Precio_Salida,Resultado,PnL_Absoluto,Retorno_Pct,Comision_Total,Descripcion,Fecha de operacion,Precio,Stop_loss,Nuevo_SL
NVDA,COMPRA,N/A,N/A,N/A,N/A,N/A,N/A,N/A,N/A,COMPRA (Tecnica: EMA Lenta Ascendente),2003-12-29 00:00:00,0.18,0.14,N/A
NVDA,ACT_SL,2004-01-05 00:00:00,N/A,0.14,N/A,N/A,N/A,N/A,N/A,N/A,N/A,N/A,N/A,0.15
NVDA,ACT_SL,2004-03-29 00:00:00,N/A,0.15,N/A,N/A,N/A,N/A,N/A,N/A,N/A,N/A,N/A,0.16
NVDA,VENTA EMA Lenta Descendente (Filtro),2004-05-17 00:00:00,0.18,N/A,0.16,Cerrada,-1108.88,-11.11,0,Cierre tecnico,N/A,N/A,N/A,N/A
NVDA,COMPRA,N/A,N/A,N/A,N/A,N/A,N/A,N/A,N/A,COMPRA (Tecnica: EMA Lenta Ascendente),2004-05-31 00:00:00,0.17,0.13,N/A
NVDA,VENTA EMA Lenta Descendente (Filtro),2004-06-14 00:00:00,0.17,N/A,0.15,Cerrada,-1039.48,-11.76,0,Cierre tecnico,N/A,N/A,N/A,N/A
NVDA,COMPRA,N/A,N/A,N/A,N/A,N/A,N/A,N/A,N/A,COMPRA (Tecnica: Stoch Slow Cruce & Ascendente),2004-08-16 00:00:00,0.09,0.07,N/A
NVDA,VENTA EMA Lenta Descendente (Filtro),2004-08-23 00:00:00,0.09,N/A,0.1,Cerrada,862.79,11.11,0,Cierre tecnico,N/A,N/A,N/A,N/A
NVDA,COMPRA,N/A,N/A,N/A,N/A,N/A,N/A,N/A,N/A,COMPRA (Tecnica: EMA Lenta Ascendente),2004-11-29 00:00:00,0.16,0.12,N/A
NVDA,ACT_SL,2004-12-06 00:00:00,N/A,0.12,N/A,N/A,N/A,N/A,N/A,N/A,N/A,N/A,N/A,0.14
NVDA,ACT_SL,2005-01-31 00:00:00,N/A,0.14,N/A,N/A,N/A,N/A,N/A,N/A,N/A,N/A,N/A,0.15
NVDA,ACT_SL,2005-02-14 00:00:00,N/A,0.15,N/A,N/A,N/A,N/A,N/A,N/A,N/A,N/A,N/A,0.16
NVDA,ACT_SL,2005-02-28 00:00:00,N/A,0.16,N/A,N/A,N/A,N/A,N/A,N/A,N/A,N/A,N/A,0.17
NVDA,VENTA StopLoss,2005-04-11 00:00:00,0.16,0.17,0.16,Cerrada,0.0,0.0,0,N/A,N/A,N/A,N/A,N/A
NVDA,COMPRA,N/A,N/A,N/A,N/A,N/A,N/A,N/A,N/A,COMPRA (Tecnica: EMA Lenta Ascendente),2005-04-25 00:00:00,0.17,0.13,N/A
NVDA,ACT_SL,2005-05-02 00:00:00,N/A,0.13,N/A,N/A,N/A,N/A,N/A,N/A,N/A,N/A,N/A,0.14
NVDA,ACT_SL,2005-05-09 00:00:00,N/A,0.14,N/A,N/A,N/A,N/A,N/A,N/A,N/A,N/A,N/A,0.14
NVDA,ACT_SL,2005-05-16 00:00:00,N/A,0.14,N/A,N/A,N/A,N/A,N/A,N/A,N/A,N/A,N/A,0.15
NVDA,ACT_SL,2005-05-23 00:00:00,N/A,0.15,N/A,N/A,N/A,N/A,N/A,N/A,N/A,N/A,N/A,0.16
NVDA,ACT_SL,2005-05-30 00:00:00,N/A,0.16,N/A,N/A,N/A,N/A,N/A,N/A,N/A,N/A,N/A,0.16
NVDA,ACT_SL,2005-08-08 00:00:00,N/A,0.16,N/A,N/A,N/A,N/A,N/A,N/A,N/A,N/A,N/A,0.17
NVDA,ACT_SL,2005-08-15 00:00:00,N/A,0.17,N/A,N/A,N/A,N/A,N/A,N/A,N/A,N/A,N/A,0.18
NVDA,ACT_SL,2005-09-05 00:00:00,N/A,0.18,N/A,N/A,N/A,N/A,N/A,N/A,N/A,N/A,N/A,0.19
NVDA,ACT_SL,2005-09-12 00:00:00,N/A,0.19,N/A,N/A,N/A,N/A,N/A,N/A,N/A,N/A,N/A,0.2
NVDA,ACT_SL,2005-10-03 00:00:00,N/A,0.2,N/A,N/A,N/A,N/A,N/A,N/A,N/A,N/A,N/A,0.2
NVDA,ACT_SL,2005-11-07 00:00:00,N/A,0.2,N/A,N/A,N/A,N/A,N/A,N/A,N/A,N/A,N/A,0.21
NVDA,ACT_SL,2005-11-21 00:00:00,N/A,0.21,N/A,N/A,N/A,N/A,N/A,N/A,N/A,N/A,N/A,0.22
NVDA,ACT_SL,2006-01-02 00:00:00,N/A,0.22,N/A,N/A,N/A,N/A,N/A,N/A,N/A,N/A,N/A,0.23
NVDA,ACT_SL,2006-01-09 00:00:00,N/A,0.23,N/A,N/A,N/A,N/A,N/A,N/A,N/A,N/A,N/A,0.26
NVDA,ACT_SL,2006-01-16 00:00:00,N/A,0.26,N/A,N/A,N/A,N/A,N/A,N/A,N/A,N/A,N/A,0.26
NVDA,ACT_SL,2006-01-23 00:00:00,N/A,0.26,N/A,N/A,N/A,N/A,N/A,N/A,N/A,N/A,N/A,0.27
NVDA,ACT_SL,2006-02-13 00:00:00,N/A,0.27,N/A,N/A,N/A,N/A,N/A,N/A,N/A,N/A,N/A,0.29
NVDA,ACT_SL,2006-03-20 00:00:00,N/A,0.29,N/A,N/A,N/A,N/A,N/A,N/A,N/A,N/A,N/A,0.3
NVDA,ACT_SL,2006-03-27 00:00:00,N/A,0.3,N/A,N/A,N/A,N/A,N/A,N/A,N/A,N/A,N/A,0.33
NVDA,ACT_SL,2006-04-03 00:00:00,N/A,0.33,N/A,N/A,N/A,N/A,N/A,N/A,N/A,N/A,N/A,0.35
NVDA,ACT_SL,2006-05-01 00:00:00,N/A,0.35,N/A,N/A,N/A,N/A,N/A,N/A,N/A,N/A,N/A,0.36
NVDA,ACT_SL,2006-05-08 00:00:00,N/A,0.36,N/A,N/A,N/A,N/A,N/A,N/A,N/A,N/A,N/A,0.37
NVDA,VENTA StopLoss,2006-05-29 00:00:00,0.17,0.37,0.36,Cerrada,9566.12,111.76,0,N/A,N/A,N/A,N/A,N/A
NVDA,COMPRA,N/A,N/A,N/A,N/A,N/A,N/A,N/A,N/A,COMPRA (Tecnica: EMA Lenta Ascendente),2006-06-05 00:00:00,0.33,0.25,N/A
NVDA,ACT_SL,2006-06-12 00:00:00,N/A,0.25,N/A,N/A,N/A,N/A,N/A,N/A,N/A,N/A,N/A,0.26
NVDA,VENTA EMA Lenta Descendente (Filtro),2006-07-17 00:00:00,0.33,N/A,0.27,Cerrada,-3282.3,-18.18,0,Cierre tecnico,N/A,N/A,N/A,N/A
NVDA,COMPRA,N/A,N/A,N/A,N/A,N/A,N/A,N/A,N/A,COMPRA (Tecnica: EMA Lenta Ascendente),2006-07-31 00:00:00,0.37,0.28,N/A
NVDA,ACT_SL,2006-08-07 00:00:00,N/A,0.28,N/A,N/A,N/A,N/A,N/A,N/A,N/A,N/A,N/A,0.29
NVDA,ACT_SL,2006-08-14 00:00:00,N/A,0.29,N/A,N/A,N/A,N/A,N/A,N/A,N/A,N/A,N/A,0.32
NVDA,ACT_SL,2006-08-28 00:00:00,N/A,0.32,N/A,N/A,N/A,N/A,N/A,N/A,N/A,N/A,N/A,0.34
NVDA,ACT_SL,2006-09-18 00:00:00,N/A,0.34,N/A,N/A,N/A,N/A,N/A,N/A,N/A,N/A,N/A,0.36
NVDA,ACT_SL,2006-10-09 00:00:00,N/A,0.36,N/A,N/A,N/A,N/A,N/A,N/A,N/A,N/A,N/A,0.39
NVDA,ACT_SL,2006-10-16 00:00:00,N/A,0.39,N/A,N/A,N/A,N/A,N/A,N/A,N/A,N/A,N/A,0.4
NVDA,ACT_SL,2006-11-06 00:00:00,N/A,0.4,N/A,N/A,N/A,N/A,N/A,N/A,N/A,N/A,N/A,0.41
NVDA,ACT_SL,2006-11-13 00:00:00,N/A,0.41,N/A,N/A,N/A,N/A,N/A,N/A,N/A,N/A,N/A,0.42
NVDA,ACT_SL,2006-11-20 00:00:00,N/A,0.42,N/A,N/A,N/A,N/A,N/A,N/A,N/A,N/A,N/A,0.43
NVDA,ACT_SL,2006-12-18 00:00:00,N/A,0.43,N/A,N/A,N/A,N/A,N/A,N/A,N/A,N/A,N/A,0.45
NVDA,VENTA StopLoss,2007-03-12 00:00:00,0.37,0.45,0.43,Cerrada,2385.66,16.22,0,N/A,N/A,N/A,N/A,N/A
NVDA,COMPRA,N/A,N/A,N/A,N/A,N/A,N/A,N/A,N/A,COMPRA (Tecnica: EMA Lenta Ascendente),2007-03-19 00:00:00,0.46,0.34,N/A
NVDA,ACT_SL,2007-03-26 00:00:00,N/A,0.34,N/A,N/A,N/A,N/A,N/A,N/A,N/A,N/A,N/A,0.35
NVDA,ACT_SL,2007-04-09 00:00:00,N/A,0.35,N/A,N/A,N/A,N/A,N/A,N/A,N/A,N/A,N/A,0.36
NVDA,ACT_SL,2007-04-16 00:00:00,N/A,0.36,N/A,N/A,N/A,N/A,N/A,N/A,N/A,N/A,N/A,0.37
NVDA,ACT_SL,2007-04-23 00:00:00,N/A,0.37,N/A,N/A,N/A,N/A,N/A,N/A,N/A,N/A,N/A,0.39
NVDA,ACT_SL,2007-05-07 00:00:00,N/A,0.39,N/A,N/A,N/A,N/A,N/A,N/A,N/A,N/A,N/A,0.4
NVDA,ACT_SL,2007-05-21 00:00:00,N/A,0.4,N/A,N/A,N/A,N/A,N/A,N/A,N/A,N/A,N/A,0.41
NVDA,ACT_SL,2007-06-04 00:00:00,N/A,0.41,N/A,N/A,N/A,N/A,N/A,N/A,N/A,N/A,N/A,0.42
NVDA,ACT_SL,2007-06-11 00:00:00,N/A,0.42,N/A,N/A,N/A,N/A,N/A,N/A,N/A,N/A,N/A,0.46
NVDA,ACT_SL,2007-06-18 00:00:00,N/A,0.46,N/A,N/A,N/A,N/A,N/A,N/A,N/A,N/A,N/A,0.5
NVDA,ACT_SL,2007-07-09 00:00:00,N/A,0.5,N/A,N/A,N/A,N/A,N/A,N/A,N/A,N/A,N/A,0.53
NVDA,ACT_SL,2007-07-16 00:00:00,N/A,0.53,N/A,N/A,N/A,N/A,N/A,N/A,N/A,N/A,N/A,0.55
NVDA,ACT_SL,2007-08-20 00:00:00,N/A,0.55,N/A,N/A,N/A,N/A,N/A,N/A,N/A,N/A,N/A,0.56
NVDA,ACT_SL,2007-08-27 00:00:00,N/A,0.56,N/A,N/A,N/A,N/A,N/A,N/A,N/A,N/A,N/A,0.58
NVDA,ACT_SL,2007-09-03 00:00:00,N/A,0.58,N/A,N/A,N/A,N/A,N/A,N/A,N/A,N/A,N/A,0.62
NVDA,ACT_SL,2007-09-24 00:00:00,N/A,0.62,N/A,N/A,N/A,N/A,N/A,N/A,N/A,N/A,N/A,0.64
NVDA,ACT_SL,2007-10-01 00:00:00,N/A,0.64,N/A,N/A,N/A,N/A,N/A,N/A,N/A,N/A,N/A,0.65
NVDA,ACT_SL,2007-10-15 00:00:00,N/A,0.65,N/A,N/A,N/A,N/A,N/A,N/A,N/A,N/A,N/A,0.68
NVDA,VENTA StopLoss,2008-01-07 00:00:00,0.46,0.68,0.62,Cerrada,5923.04,34.78,0,N/A,N/A,N/A,N/A,N/A
NVDA,COMPRA,N/A,N/A,N/A,N/A,N/A,N/A,N/A,N/A,COMPRA (Tecnica: Stoch Slow Cruce & Ascendente),2008-04-21 00:00:00,0.46,0.34,N/A
NVDA,VENTA EMA Lenta Descendente (Filtro),2008-04-28 00:00:00,0.46,N/A,0.52,Cerrada,2981.76,13.04,0,Cierre tecnico,N/A,N/A,N/A,N/A
NVDA,COMPRA,N/A,N/A,N/A,N/A,N/A,N/A,N/A,N/A,COMPRA (Tecnica: Stoch Fast Cruce & Ascendente),2008-07-14 00:00:00,0.26,0.2,N/A
NVDA,VENTA EMA Lenta Descendente (Filtro),2008-07-21 00:00:00,0.26,N/A,0.26,Cerrada,0.0,0.0,0,Cierre tecnico,N/A,N/A,N/A,N/A
NVDA,COMPRA,N/A,N/A,N/A,N/A,N/A,N/A,N/A,N/A,COMPRA (Tecnica: Stoch Slow Cruce & Ascendente),2008-10-13 00:00:00,0.18,0.14,N/A
NVDA,VENTA EMA Lenta Descendente (Filtro),2008-10-20 00:00:00,0.18,N/A,0.15,Cerrada,-4272.72,-16.67,0,Cierre tecnico,N/A,N/A,N/A,N/A
NVDA,COMPRA,N/A,N/A,N/A,N/A,N/A,N/A,N/A,N/A,COMPRA (Tecnica: EMA Lenta Ascendente),2010-02-08 00:00:00,0.4,0.3,N/A
NVDA,ACT_SL,2010-02-15 00:00:00,N/A,0.3,N/A,N/A,N/A,N/A,N/A,N/A,N/A,N/A,N/A,0.31
NVDA,ACT_SL,2010-03-15 00:00:00,N/A,0.31,N/A,N/A,N/A,N/A,N/A,N/A,N/A,N/A,N/A,0.32
NVDA,VENTA EMA Lenta Descendente (Filtro),2010-05-10 00:00:00,0.4,N/A,0.3,Cerrada,-5319.5,-25.0,0,Cierre tecnico,N/A,N/A,N/A,N/A
NVDA,COMPRA,N/A,N/A,N/A,N/A,N/A,N/A,N/A,N/A,COMPRA (Tecnica: Stoch Mid Cruce & Ascendente),2010-06-14 00:00:00,0.28,0.21,N/A
NVDA,VENTA EMA Lenta Descendente (Filtro),2010-06-21 00:00:00,0.28,N/A,0.25,Cerrada,-1703.04,-10.71,0,Cierre tecnico,N/A,N/A,N/A,N/A
NVDA,COMPRA,N/A,N/A,N/A,N/A,N/A,N/A,N/A,N/A,COMPRA (Tecnica: EMA Lenta Ascendente),2010-11-15 00:00:00,0.32,0.24,N/A
NVDA,ACT_SL,2010-11-29 00:00:00,N/A,0.24,N/A,N/A,N/A,N/A,N/A,N/A,N/A,N/A,N/A,0.26
NVDA,ACT_SL,2010-12-06 00:00:00,N/A,0.26,N/A,N/A,N/A,N/A,N/A,N/A,N/A,N/A,N/A,0.26
NVDA,ACT_SL,2011-01-03 00:00:00,N/A,0.26,N/A,N/A,N/A,N/A,N/A,N/A,N/A,N/A,N/A,0.34
NVDA,ACT_SL,2011-01-10 00:00:00,N/A,0.34,N/A,N/A,N/A,N/A,N/A,N/A,N/A,N/A,N/A,0.41
NVDA,ACT_SL,2011-01-24 00:00:00,N/A,0.41,N/A,N/A,N/A,N/A,N/A,N/A,N/A,N/A,N/A,0.43
NVDA,ACT_SL,2011-01-31 00:00:00,N/A,0.43,N/A,N/A,N/A,N/A,N/A,N/A,N/A,N/A,N/A,0.45
NVDA,VENTA StopLoss,2011-03-07 00:00:00,0.32,0.45,0.41,Cerrada,3975.57,28.12,0,N/A,N/A,N/A,N/A,N/A
NVDA,COMPRA,N/A,N/A,N/A,N/A,N/A,N/A,N/A,N/A,COMPRA (Tecnica: EMA Lenta Ascendente),2011-03-14 00:00:00,0.4,0.3,N/A
NVDA,ACT_SL,2011-03-21 00:00:00,N/A,0.3,N/A,N/A,N/A,N/A,N/A,N/A,N/A,N/A,N/A,0.34
NVDA,ACT_SL,2011-04-25 00:00:00,N/A,0.34,N/A,N/A,N/A,N/A,N/A,N/A,N/A,N/A,N/A,0.35
NVDA,VENTA EMA Lenta Descendente (Filtro),2011-06-20 00:00:00,0.4,N/A,0.36,Cerrada,-1803.84,-10.0,0,Cierre tecnico,N/A,N/A,N/A,N/A
NVDA,COMPRA,N/A,N/A,N/A,N/A,N/A,N/A,N/A,N/A,COMPRA (Tecnica: EMA Lenta Ascendente),2012-02-06 00:00:00,0.36,0.27,N/A
NVDA,ACT_SL,2012-02-13 00:00:00,N/A,0.27,N/A,N/A,N/A,N/A,N/A,N/A,N/A,N/A,N/A,0.29
NVDA,VENTA EMA Lenta Descendente (Filtro),2012-03-12 00:00:00,0.36,N/A,0.33,Cerrada,-1347.48,-8.33,0,Cierre tecnico,N/A,N/A,N/A,N/A
NVDA,COMPRA,N/A,N/A,N/A,N/A,N/A,N/A,N/A,N/A,COMPRA (Tecnica: EMA Lenta Ascendente),2012-08-13 00:00:00,0.34,0.26,N/A
NVDA,VENTA EMA Lenta Descendente (Filtro),2012-09-03 00:00:00,0.34,N/A,0.31,Cerrada,-1302.63,-8.82,0,Cierre tecnico,N/A,N/A,N/A,N/A
NVDA,COMPRA,N/A,N/A,N/A,N/A,N/A,N/A,N/A,N/A,COMPRA (Tecnica: EMA Lenta Ascendente),2013-04-29 00:00:00,0.32,0.24,N/A
NVDA,ACT_SL,2013-05-06 00:00:00,N/A,0.24,N/A,N/A,N/A,N/A,N/A,N/A,N/A,N/A,N/A,0.26
NVDA,ACT_SL,2013-05-13 00:00:00,N/A,0.26,N/A,N/A,N/A,N/A,N/A,N/A,N/A,N/A,N/A,0.26
NVDA,ACT_SL,2013-06-17 00:00:00,N/A,0.26,N/A,N/A,N/A,N/A,N/A,N/A,N/A,N/A,N/A,0.27
NVDA,ACT_SL,2013-09-09 00:00:00,N/A,0.27,N/A,N/A,N/A,N/A,N/A,N/A,N/A,N/A,N/A,0.28
NVDA,ACT_SL,2013-09-16 00:00:00,N/A,0.28,N/A,N/A,N/A,N/A,N/A,N/A,N/A,N/A,N/A,0.29
NVDA,ACT_SL,2014-01-06 00:00:00,N/A,0.29,N/A,N/A,N/A,N/A,N/A,N/A,N/A,N/A,N/A,0.29
NVDA,ACT_SL,2014-02-10 00:00:00,N/A,0.29,N/A,N/A,N/A,N/A,N/A,N/A,N/A,N/A,N/A,0.32
NVDA,ACT_SL,2014-02-17 00:00:00,N/A,0.32,N/A,N/A,N/A,N/A,N/A,N/A,N/A,N/A,N/A,0.34
NVDA,ACT_SL,2014-04-21 00:00:00,N/A,0.34,N/A,N/A,N/A,N/A,N/A,N/A,N/A,N/A,N/A,0.34
NVDA,ACT_SL,2014-06-09 00:00:00,N/A,0.34,N/A,N/A,N/A,N/A,N/A,N/A,N/A,N/A,N/A,0.35
NVDA,ACT_SL,2014-09-01 00:00:00,N/A,0.35,N/A,N/A,N/A,N/A,N/A,N/A,N/A,N/A,N/A,0.36
NVDA,ACT_SL,2014-11-03 00:00:00,N/A,0.36,N/A,N/A,N/A,N/A,N/A,N/A,N/A,N/A,N/A,0.37
NVDA,ACT_SL,2014-11-24 00:00:00,N/A,0.37,N/A,N/A,N/A,N/A,N/A,N/A,N/A,N/A,N/A,0.38
NVDA,ACT_SL,2015-02-09 00:00:00,N/A,0.38,N/A,N/A,N/A,N/A,N/A,N/A,N/A,N/A,N/A,0.4
NVDA,ACT_SL,2015-03-02 00:00:00,N/A,0.4,N/A,N/A,N/A,N/A,N/A,N/A,N/A,N/A,N/A,0.41
NVDA,ACT_SL,2015-03-09 00:00:00,N/A,0.41,N/A,N/A,N/A,N/A,N/A,N/A,N/A,N/A,N/A,0.42
NVDA,ACT_SL,2015-03-16 00:00:00,N/A,0.42,N/A,N/A,N/A,N/A,N/A,N/A,N/A,N/A,N/A,0.43
NVDA,ACT_SL,2015-08-10 00:00:00,N/A,0.43,N/A,N/A,N/A,N/A,N/A,N/A,N/A,N/A,N/A,0.43
NVDA,ACT_SL,2015-09-28 00:00:00,N/A,0.43,N/A,N/A,N/A,N/A,N/A,N/A,N/A,N/A,N/A,0.45
NVDA,ACT_SL,2015-10-05 00:00:00,N/A,0.45,N/A,N/A,N/A,N/A,N/A,N/A,N/A,N/A,N/A,0.48
NVDA,ACT_SL,2015-10-12 00:00:00,N/A,0.48,N/A,N/A,N/A,N/A,N/A,N/A,N/A,N/A,N/A,0.51
NVDA,ACT_SL,2015-10-19 00:00:00,N/A,0.51,N/A,N/A,N/A,N/A,N/A,N/A,N/A,N/A,N/A,0.52
NVDA,ACT_SL,2015-11-02 00:00:00,N/A,0.52,N/A,N/A,N/A,N/A,N/A,N/A,N/A,N/A,N/A,0.58
NVDA,ACT_SL,2015-11-30 00:00:00,N/A,0.58,N/A,N/A,N/A,N/A,N/A,N/A,N/A,N/A,N/A,0.62
NVDA,ACT_SL,2015-12-28 00:00:00,N/A,0.62,N/A,N/A,N/A,N/A,N/A,N/A,N/A,N/A,N/A,0.62
NVDA,ACT_SL,2016-03-14 00:00:00,N/A,0.62,N/A,N/A,N/A,N/A,N/A,N/A,N/A,N/A,N/A,0.63
NVDA,ACT_SL,2016-03-21 00:00:00,N/A,0.63,N/A,N/A,N/A,N/A,N/A,N/A,N/A,N/A,N/A,0.64
NVDA,ACT_SL,2016-03-28 00:00:00,N/A,0.64,N/A,N/A,N/A,N/A,N/A,N/A,N/A,N/A,N/A,0.67
NVDA,ACT_SL,2016-04-04 00:00:00,N/A,0.67,N/A,N/A,N/A,N/A,N/A,N/A,N/A,N/A,N/A,0.68
NVDA,ACT_SL,2016-04-11 00:00:00,N/A,0.68,N/A,N/A,N/A,N/A,N/A,N/A,N/A,N/A,N/A,0.69
NVDA,ACT_SL,2016-05-09 00:00:00,N/A,0.69,N/A,N/A,N/A,N/A,N/A,N/A,N/A,N/A,N/A,0.75
NVDA,ACT_SL,2016-05-16 00:00:00,N/A,0.75,N/A,N/A,N/A,N/A,N/A,N/A,N/A,N/A,N/A,0.82
NVDA,ACT_SL,2016-05-23 00:00:00,N/A,0.82,N/A,N/A,N/A,N/A,N/A,N/A,N/A,N/A,N/A,0.85
NVDA,ACT_SL,2016-05-30 00:00:00,N/A,0.85,N/A,N/A,N/A,N/A,N/A,N/A,N/A,N/A,N/A,0.88
NVDA,ACT_SL,2016-06-20 00:00:00,N/A,0.88,N/A,N/A,N/A,N/A,N/A,N/A,N/A,N/A,N/A,0.89
NVDA,ACT_SL,2016-07-04 00:00:00,N/A,0.89,N/A,N/A,N/A,N/A,N/A,N/A,N/A,N/A,N/A,0.94
NVDA,ACT_SL,2016-07-11 00:00:00,N/A,0.94,N/A,N/A,N/A,N/A,N/A,N/A,N/A,N/A,N/A,0.99
NVDA,ACT_SL,2016-07-18 00:00:00,N/A,0.99,N/A,N/A,N/A,N/A,N/A,N/A,N/A,N/A,N/A,1.01
NVDA,ACT_SL,2016-07-25 00:00:00,N/A,1.01,N/A,N/A,N/A,N/A,N/A,N/A,N/A,N/A,N/A,1.06
NVDA,ACT_SL,2016-08-01 00:00:00,N/A,1.06,N/A,N/A,N/A,N/A,N/A,N/A,N/A,N/A,N/A,1.07
NVDA,ACT_SL,2016-08-08 00:00:00,N/A,1.07,N/A,N/A,N/A,N/A,N/A,N/A,N/A,N/A,N/A,1.17
NVDA,ACT_SL,2016-09-19 00:00:00,N/A,1.17,N/A,N/A,N/A,N/A,N/A,N/A,N/A,N/A,N/A,1.21
NVDA,ACT_SL,2016-09-26 00:00:00,N/A,1.21,N/A,N/A,N/A,N/A,N/A,N/A,N/A,N/A,N/A,1.27
NVDA,ACT_SL,2016-10-03 00:00:00,N/A,1.27,N/A,N/A,N/A,N/A,N/A,N/A,N/A,N/A,N/A,1.28
NVDA,ACT_SL,2016-10-24 00:00:00,N/A,1.28,N/A,N/A,N/A,N/A,N/A,N/A,N/A,N/A,N/A,1.34
NVDA,ACT_SL,2016-11-07 00:00:00,N/A,1.34,N/A,N/A,N/A,N/A,N/A,N/A,N/A,N/A,N/A,1.64
NVDA,ACT_SL,2016-11-14 00:00:00,N/A,1.64,N/A,N/A,N/A,N/A,N/A,N/A,N/A,N/A,N/A,1.75
NVDA,ACT_SL,2016-11-21 00:00:00,N/A,1.75,N/A,N/A,N/A,N/A,N/A,N/A,N/A,N/A,N/A,1.76
NVDA,ACT_SL,2016-12-05 00:00:00,N/A,1.76,N/A,N/A,N/A,N/A,N/A,N/A,N/A,N/A,N/A,1.78
NVDA,ACT_SL,2016-12-12 00:00:00,N/A,1.78,N/A,N/A,N/A,N/A,N/A,N/A,N/A,N/A,N/A,1.86
NVDA,ACT_SL,2016-12-19 00:00:00,N/A,1.86,N/A,N/A,N/A,N/A,N/A,N/A,N/A,N/A,N/A,2.03
NVDA,ACT_SL,2016-12-26 00:00:00,N/A,2.03,N/A,N/A,N/A,N/A,N/A,N/A,N/A,N/A,N/A,2.21
NVDA,ACT_SL,2017-02-06 00:00:00,N/A,2.21,N/A,N/A,N/A,N/A,N/A,N/A,N/A,N/A,N/A,2.24
NVDA,ACT_SL,2017-05-08 00:00:00,N/A,2.24,N/A,N/A,N/A,N/A,N/A,N/A,N/A,N/A,N/A,2.42
NVDA,ACT_SL,2017-05-15 00:00:00,N/A,2.42,N/A,N/A,N/A,N/A,N/A,N/A,N/A,N/A,N/A,2.56
NVDA,ACT_SL,2017-05-22 00:00:00,N/A,2.56,N/A,N/A,N/A,N/A,N/A,N/A,N/A,N/A,N/A,2.69
NVDA,ACT_SL,2017-05-29 00:00:00,N/A,2.69,N/A,N/A,N/A,N/A,N/A,N/A,N/A,N/A,N/A,2.72
NVDA,ACT_SL,2017-06-05 00:00:00,N/A,2.72,N/A,N/A,N/A,N/A,N/A,N/A,N/A,N/A,N/A,3.12
NVDA,ACT_SL,2017-07-17 00:00:00,N/A,3.12,N/A,N/A,N/A,N/A,N/A,N/A,N/A,N/A,N/A,3.14
NVDA,ACT_SL,2017-07-24 00:00:00,N/A,3.14,N/A,N/A,N/A,N/A,N/A,N/A,N/A,N/A,N/A,3.14
NVDA,ACT_SL,2017-07-31 00:00:00,N/A,3.14,N/A,N/A,N/A,N/A,N/A,N/A,N/A,N/A,N/A,3.15
NVDA,ACT_SL,2017-08-07 00:00:00,N/A,3.15,N/A,N/A,N/A,N/A,N/A,N/A,N/A,N/A,N/A,3.23
NVDA,ACT_SL,2017-09-11 00:00:00,N/A,3.23,N/A,N/A,N/A,N/A,N/A,N/A,N/A,N/A,N/A,3.34
NVDA,ACT_SL,2017-09-18 00:00:00,N/A,3.34,N/A,N/A,N/A,N/A,N/A,N/A,N/A,N/A,N/A,3.54
NVDA,ACT_SL,2017-10-09 00:00:00,N/A,3.54,N/A,N/A,N/A,N/A,N/A,N/A,N/A,N/A,N/A,3.62
NVDA,ACT_SL,2017-10-16 00:00:00,N/A,3.62,N/A,N/A,N/A,N/A,N/A,N/A,N/A,N/A,N/A,3.7
NVDA,ACT_SL,2017-10-23 00:00:00,N/A,3.7,N/A,N/A,N/A,N/A,N/A,N/A,N/A,N/A,N/A,3.74
NVDA,ACT_SL,2017-10-30 00:00:00,N/A,3.74,N/A,N/A,N/A,N/A,N/A,N/A,N/A,N/A,N/A,3.89
NVDA,ACT_SL,2017-11-06 00:00:00,N/A,3.89,N/A,N/A,N/A,N/A,N/A,N/A,N/A,N/A,N/A,4.05
NVDA,ACT_SL,2018-01-08 00:00:00,N/A,4.05,N/A,N/A,N/A,N/A,N/A,N/A,N/A,N/A,N/A,4.19
NVDA,ACT_SL,2018-01-15 00:00:00,N/A,4.19,N/A,N/A,N/A,N/A,N/A,N/A,N/A,N/A,N/A,4.28
NVDA,ACT_SL,2018-01-22 00:00:00,N/A,4.28,N/A,N/A,N/A,N/A,N/A,N/A,N/A,N/A,N/A,4.51
NVDA,ACT_SL,2018-01-29 00:00:00,N/A,4.51,N/A,N/A,N/A,N/A,N/A,N/A,N/A,N/A,N/A,4.62
NVDA,ACT_SL,2018-02-12 00:00:00,N/A,4.62,N/A,N/A,N/A,N/A,N/A,N/A,N/A,N/A,N/A,4.64
NVDA,ACT_SL,2018-02-19 00:00:00,N/A,4.64,N/A,N/A,N/A,N/A,N/A,N/A,N/A,N/A,N/A,4.67
NVDA,ACT_SL,2018-03-12 00:00:00,N/A,4.67,N/A,N/A,N/A,N/A,N/A,N/A,N/A,N/A,N/A,4.72
NVDA,ACT_SL,2018-05-07 00:00:00,N/A,4.72,N/A,N/A,N/A,N/A,N/A,N/A,N/A,N/A,N/A,4.83
NVDA,ACT_SL,2018-06-04 00:00:00,N/A,4.83,N/A,N/A,N/A,N/A,N/A,N/A,N/A,N/A,N/A,4.95
NVDA,ACT_SL,2018-06-11 00:00:00,N/A,4.95,N/A,N/A,N/A,N/A,N/A,N/A,N/A,N/A,N/A,5.0
NVDA,ACT_SL,2018-08-20 00:00:00,N/A,5.0,N/A,N/A,N/A,N/A,N/A,N/A,N/A,N/A,N/A,5.06
NVDA,ACT_SL,2018-08-27 00:00:00,N/A,5.06,N/A,N/A,N/A,N/A,N/A,N/A,N/A,N/A,N/A,5.23
NVDA,ACT_SL,2018-09-03 00:00:00,N/A,5.23,N/A,N/A,N/A,N/A,N/A,N/A,N/A,N/A,N/A,5.3
NVDA,ACT_SL,2018-10-01 00:00:00,N/A,5.3,N/A,N/A,N/A,N/A,N/A,N/A,N/A,N/A,N/A,5.44
NVDA,VENTA StopLoss,2018-10-22 00:00:00,0.32,5.44,4.91,Cerrada,192307.23,1434.38,0,N/A,N/A,N/A,N/A,N/A
NVDA,COMPRA,N/A,N/A,N/A,N/A,N/A,N/A,N/A,N/A,COMPRA (Tecnica: Stoch Mid Cruce & Ascendente),2018-11-26 00:00:00,4.05,3.04,N/A
NVDA,VENTA EMA Lenta Descendente (Filtro),2018-12-03 00:00:00,4.05,N/A,3.66,Cerrada,-19730.1,-9.63,0,Cierre tecnico,N/A,N/A,N/A,N/A
NVDA,COMPRA,N/A,N/A,N/A,N/A,N/A,N/A,N/A,N/A,COMPRA (Tecnica: Stoch Slow Cruce & Ascendente),2019-02-11 00:00:00,3.9,2.92,N/A
NVDA,VENTA EMA Lenta Descendente (Filtro),2019-02-18 00:00:00,3.9,N/A,3.95,Cerrada,2364.4,1.28,0,Cierre tecnico,N/A,N/A,N/A,N/A
NVDA,COMPRA,N/A,N/A,N/A,N/A,N/A,N/A,N/A,N/A,COMPRA (Tecnica: EMA Lenta Ascendente),2019-04-08 00:00:00,4.72,3.54,N/A
NVDA,ACT_SL,2019-04-15 00:00:00,N/A,3.54,N/A,N/A,N/A,N/A,N/A,N/A,N/A,N/A,N/A,3.55
NVDA,VENTA EMA Lenta Descendente (Filtro),2019-04-22 00:00:00,4.72,N/A,4.42,Cerrada,-11824.5,-6.36,0,Cierre tecnico,N/A,N/A,N/A,N/A
NVDA,COMPRA,N/A,N/A,N/A,N/A,N/A,N/A,N/A,N/A,COMPRA (Tecnica: EMA Lenta Ascendente),2019-09-09 00:00:00,4.52,3.39,N/A
NVDA,VENTA EMA Lenta Descendente (Filtro),2019-09-23 00:00:00,4.52,N/A,4.27,Cerrada,-9597.25,-5.53,0,Cierre tecnico,N/A,N/A,N/A,N/A
NVDA,COMPRA,N/A,N/A,N/A,N/A,N/A,N/A,N/A,N/A,COMPRA (Tecnica: EMA Lenta Ascendente),2019-10-07 00:00:00,4.63,3.47,N/A
NVDA,ACT_SL,2019-10-14 00:00:00,N/A,3.47,N/A,N/A,N/A,N/A,N/A,N/A,N/A,N/A,N/A,3.72
NVDA,ACT_SL,2019-10-21 00:00:00,N/A,3.72,N/A,N/A,N/A,N/A,N/A,N/A,N/A,N/A,N/A,3.83
NVDA,ACT_SL,2019-10-28 00:00:00,N/A,3.83,N/A,N/A,N/A,N/A,N/A,N/A,N/A,N/A,N/A,3.9
NVDA,ACT_SL,2019-11-04 00:00:00,N/A,3.9,N/A,N/A,N/A,N/A,N/A,N/A,N/A,N/A,N/A,3.95
NVDA,ACT_SL,2019-11-18 00:00:00,N/A,3.95,N/A,N/A,N/A,N/A,N/A,N/A,N/A,N/A,N/A,4.0
NVDA,ACT_SL,2019-11-25 00:00:00,N/A,4.0,N/A,N/A,N/A,N/A,N/A,N/A,N/A,N/A,N/A,4.13
NVDA,ACT_SL,2019-12-09 00:00:00,N/A,4.13,N/A,N/A,N/A,N/A,N/A,N/A,N/A,N/A,N/A,4.28
NVDA,ACT_SL,2019-12-16 00:00:00,N/A,4.28,N/A,N/A,N/A,N/A,N/A,N/A,N/A,N/A,N/A,4.49
NVDA,ACT_SL,2019-12-23 00:00:00,N/A,4.49,N/A,N/A,N/A,N/A,N/A,N/A,N/A,N/A,N/A,4.51
NVDA,ACT_SL,2020-01-06 00:00:00,N/A,4.51,N/A,N/A,N/A,N/A,N/A,N/A,N/A,N/A,N/A,4.64
NVDA,ACT_SL,2020-01-13 00:00:00,N/A,4.64,N/A,N/A,N/A,N/A,N/A,N/A,N/A,N/A,N/A,4.72
NVDA,ACT_SL,2020-01-20 00:00:00,N/A,4.72,N/A,N/A,N/A,N/A,N/A,N/A,N/A,N/A,N/A,4.84
NVDA,ACT_SL,2020-02-10 00:00:00,N/A,4.84,N/A,N/A,N/A,N/A,N/A,N/A,N/A,N/A,N/A,5.5
NVDA,ACT_SL,2020-02-17 00:00:00,N/A,5.5,N/A,N/A,N/A,N/A,N/A,N/A,N/A,N/A,N/A,5.9
NVDA,VENTA StopLoss,2020-03-16 00:00:00,4.63,5.9,5.12,Cerrada,17278.87,10.58,0,N/A,N/A,N/A,N/A,N/A
NVDA,COMPRA,N/A,N/A,N/A,N/A,N/A,N/A,N/A,N/A,COMPRA (Tecnica: EMA Lenta Ascendente),2020-03-30 00:00:00,6.07,4.55,N/A
NVDA,ACT_SL,2020-04-06 00:00:00,N/A,4.55,N/A,N/A,N/A,N/A,N/A,N/A,N/A,N/A,N/A,5.2
NVDA,ACT_SL,2020-04-13 00:00:00,N/A,5.2,N/A,N/A,N/A,N/A,N/A,N/A,N/A,N/A,N/A,5.59
NVDA,ACT_SL,2020-04-27 00:00:00,N/A,5.59,N/A,N/A,N/A,N/A,N/A,N/A,N/A,N/A,N/A,5.68
NVDA,ACT_SL,2020-05-04 00:00:00,N/A,5.68,N/A,N/A,N/A,N/A,N/A,N/A,N/A,N/A,N/A,5.84
NVDA,ACT_SL,2020-05-11 00:00:00,N/A,5.84,N/A,N/A,N/A,N/A,N/A,N/A,N/A,N/A,N/A,6.35
NVDA,ACT_SL,2020-05-18 00:00:00,N/A,6.35,N/A,N/A,N/A,N/A,N/A,N/A,N/A,N/A,N/A,6.8
NVDA,ACT_SL,2020-05-25 00:00:00,N/A,6.8,N/A,N/A,N/A,N/A,N/A,N/A,N/A,N/A,N/A,6.86
NVDA,ACT_SL,2020-06-08 00:00:00,N/A,6.86,N/A,N/A,N/A,N/A,N/A,N/A,N/A,N/A,N/A,7.1
NVDA,ACT_SL,2020-06-22 00:00:00,N/A,7.1,N/A,N/A,N/A,N/A,N/A,N/A,N/A,N/A,N/A,7.21
NVDA,ACT_SL,2020-06-29 00:00:00,N/A,7.21,N/A,N/A,N/A,N/A,N/A,N/A,N/A,N/A,N/A,7.28
NVDA,ACT_SL,2020-07-06 00:00:00,N/A,7.28,N/A,N/A,N/A,N/A,N/A,N/A,N/A,N/A,N/A,7.96
NVDA,ACT_SL,2020-07-13 00:00:00,N/A,7.96,N/A,N/A,N/A,N/A,N/A,N/A,N/A,N/A,N/A,8.07
NVDA,ACT_SL,2020-08-03 00:00:00,N/A,8.07,N/A,N/A,N/A,N/A,N/A,N/A,N/A,N/A,N/A,8.6
NVDA,ACT_SL,2020-08-10 00:00:00,N/A,8.6,N/A,N/A,N/A,N/A,N/A,N/A,N/A,N/A,N/A,8.76
NVDA,ACT_SL,2020-08-17 00:00:00,N/A,8.76,N/A,N/A,N/A,N/A,N/A,N/A,N/A,N/A,N/A,9.58
NVDA,ACT_SL,2020-08-24 00:00:00,N/A,9.58,N/A,N/A,N/A,N/A,N/A,N/A,N/A,N/A,N/A,9.82
NVDA,ACT_SL,2020-08-31 00:00:00,N/A,9.82,N/A,N/A,N/A,N/A,N/A,N/A,N/A,N/A,N/A,11.01
NVDA,ACT_SL,2021-02-08 00:00:00,N/A,11.01,N/A,N/A,N/A,N/A,N/A,N/A,N/A,N/A,N/A,11.44
NVDA,ACT_SL,2021-02-15 00:00:00,N/A,11.44,N/A,N/A,N/A,N/A,N/A,N/A,N/A,N/A,N/A,11.5
NVDA,ACT_SL,2021-04-12 00:00:00,N/A,11.5,N/A,N/A,N/A,N/A,N/A,N/A,N/A,N/A,N/A,12.13
NVDA,ACT_SL,2021-05-24 00:00:00,N/A,12.13,N/A,N/A,N/A,N/A,N/A,N/A,N/A,N/A,N/A,12.18
NVDA,ACT_SL,2021-05-31 00:00:00,N/A,12.18,N/A,N/A,N/A,N/A,N/A,N/A,N/A,N/A,N/A,13.22
NVDA,ACT_SL,2021-06-07 00:00:00,N/A,13.22,N/A,N/A,N/A,N/A,N/A,N/A,N/A,N/A,N/A,13.42
NVDA,ACT_SL,2021-06-14 00:00:00,N/A,13.42,N/A,N/A,N/A,N/A,N/A,N/A,N/A,N/A,N/A,14.5
NVDA,ACT_SL,2021-06-21 00:00:00,N/A,14.5,N/A,N/A,N/A,N/A,N/A,N/A,N/A,N/A,N/A,14.54
NVDA,ACT_SL,2021-06-28 00:00:00,N/A,14.54,N/A,N/A,N/A,N/A,N/A,N/A,N/A,N/A,N/A,15.34
NVDA,ACT_SL,2021-07-05 00:00:00,N/A,15.34,N/A,N/A,N/A,N/A,N/A,N/A,N/A,N/A,N/A,15.62
NVDA,ACT_SL,2021-08-23 00:00:00,N/A,15.62,N/A,N/A,N/A,N/A,N/A,N/A,N/A,N/A,N/A,17.0
NVDA,ACT_SL,2021-08-30 00:00:00,N/A,17.0,N/A,N/A,N/A,N/A,N/A,N/A,N/A,N/A,N/A,17.24
NVDA,ACT_SL,2021-10-18 00:00:00,N/A,17.24,N/A,N/A,N/A,N/A,N/A,N/A,N/A,N/A,N/A,17.31
NVDA,ACT_SL,2021-10-25 00:00:00,N/A,17.31,N/A,N/A,N/A,N/A,N/A,N/A,N/A,N/A,N/A,19.24
NVDA,ACT_SL,2021-11-01 00:00:00,N/A,19.24,N/A,N/A,N/A,N/A,N/A,N/A,N/A,N/A,N/A,23.5
NVDA,ACT_SL,2021-11-08 00:00:00,N/A,23.5,N/A,N/A,N/A,N/A,N/A,N/A,N/A,N/A,N/A,24.18
NVDA,ACT_SL,2021-11-15 00:00:00,N/A,24.18,N/A,N/A,N/A,N/A,N/A,N/A,N/A,N/A,N/A,24.76
NVDA,ACT_SL,2021-11-22 00:00:00,N/A,24.76,N/A,N/A,N/A,N/A,N/A,N/A,N/A,N/A,N/A,25.94
NVDA,VENTA StopLoss,2022-01-17 00:00:00,6.07,25.94,23.33,Cerrada,511327.5,284.35,0,N/A,N/A,N/A,N/A,N/A
NVDA,COMPRA,N/A,N/A,N/A,N/A,N/A,N/A,N/A,N/A,COMPRA (Tecnica: EMA Lenta Ascendente),2022-01-24 00:00:00,22.8,17.1,N/A
NVDA,ACT_SL,2022-01-31 00:00:00,N/A,17.1,N/A,N/A,N/A,N/A,N/A,N/A,N/A,N/A,N/A,19.33
NVDA,ACT_SL,2022-02-07 00:00:00,N/A,19.33,N/A,N/A,N/A,N/A,N/A,N/A,N/A,N/A,N/A,20.15
NVDA,ACT_SL,2022-03-21 00:00:00,N/A,20.15,N/A,N/A,N/A,N/A,N/A,N/A,N/A,N/A,N/A,21.23
NVDA,ACT_SL,2022-03-28 00:00:00,N/A,21.23,N/A,N/A,N/A,N/A,N/A,N/A,N/A,N/A,N/A,21.67
NVDA,VENTA StopLoss,2022-04-11 00:00:00,22.8,21.67,21.22,Cerrada,-47703.36,-6.93,0,N/A,N/A,N/A,N/A,N/A
NVDA,COMPRA,N/A,N/A,N/A,N/A,N/A,N/A,N/A,N/A,COMPRA (Tecnica: Stoch Mid Cruce & Ascendente),2022-05-02 00:00:00,18.64,13.98,N/A
NVDA,VENTA EMA Lenta Descendente (Filtro),2022-05-09 00:00:00,18.64,N/A,17.67,Cerrada,-33206.98,-5.2,0,Cierre tecnico,N/A,N/A,N/A,N/A
NVDA,COMPRA,N/A,N/A,N/A,N/A,N/A,N/A,N/A,N/A,COMPRA (Tecnica: EMA Lenta Ascendente),2023-01-23 00:00:00,20.34,15.26,N/A
NVDA,ACT_SL,2023-01-30 00:00:00,N/A,15.26,N/A,N/A,N/A,N/A,N/A,N/A,N/A,N/A,N/A,16.45
NVDA,ACT_SL,2023-02-06 00:00:00,N/A,16.45,N/A,N/A,N/A,N/A,N/A,N/A,N/A,N/A,N/A,17.25
NVDA,ACT_SL,2023-02-13 00:00:00,N/A,17.25,N/A,N/A,N/A,N/A,N/A,N/A,N/A,N/A,N/A,17.27
NVDA,ACT_SL,2023-02-20 00:00:00,N/A,17.27,N/A,N/A,N/A,N/A,N/A,N/A,N/A,N/A,N/A,17.9
NVDA,ACT_SL,2023-02-27 00:00:00,N/A,17.9,N/A,N/A,N/A,N/A,N/A,N/A,N/A,N/A,N/A,17.91
NVDA,ACT_SL,2023-03-06 00:00:00,N/A,17.91,N/A,N/A,N/A,N/A,N/A,N/A,N/A,N/A,N/A,18.32
NVDA,ACT_SL,2023-03-13 00:00:00,N/A,18.32,N/A,N/A,N/A,N/A,N/A,N/A,N/A,N/A,N/A,19.78
NVDA,ACT_SL,2023-03-20 00:00:00,N/A,19.78,N/A,N/A,N/A,N/A,N/A,N/A,N/A,N/A,N/A,20.68
NVDA,ACT_SL,2023-03-27 00:00:00,N/A,20.68,N/A,N/A,N/A,N/A,N/A,N/A,N/A,N/A,N/A,20.86
NVDA,ACT_SL,2023-04-03 00:00:00,N/A,20.86,N/A,N/A,N/A,N/A,N/A,N/A,N/A,N/A,N/A,20.98
NVDA,ACT_SL,2023-04-17 00:00:00,N/A,20.98,N/A,N/A,N/A,N/A,N/A,N/A,N/A,N/A,N/A,21.07
NVDA,ACT_SL,2023-05-01 00:00:00,N/A,21.07,N/A,N/A,N/A,N/A,N/A,N/A,N/A,N/A,N/A,21.77
NVDA,ACT_SL,2023-05-08 00:00:00,N/A,21.77,N/A,N/A,N/A,N/A,N/A,N/A,N/A,N/A,N/A,21.9
NVDA,ACT_SL,2023-05-15 00:00:00,N/A,21.9,N/A,N/A,N/A,N/A,N/A,N/A,N/A,N/A,N/A,23.85
NVDA,ACT_SL,2023-05-22 00:00:00,N/A,23.85,N/A,N/A,N/A,N/A,N/A,N/A,N/A,N/A,N/A,29.59
NVDA,ACT_SL,2023-05-29 00:00:00,N/A,29.59,N/A,N/A,N/A,N/A,N/A,N/A,N/A,N/A,N/A,31.42
NVDA,ACT_SL,2023-06-12 00:00:00,N/A,31.42,N/A,N/A,N/A,N/A,N/A,N/A,N/A,N/A,N/A,32.77
NVDA,ACT_SL,2023-06-19 00:00:00,N/A,32.77,N/A,N/A,N/A,N/A,N/A,N/A,N/A,N/A,N/A,32.97
NVDA,ACT_SL,2023-07-10 00:00:00,N/A,32.97,N/A,N/A,N/A,N/A,N/A,N/A,N/A,N/A,N/A,36.04
NVDA,ACT_SL,2023-08-21 00:00:00,N/A,36.04,N/A,N/A,N/A,N/A,N/A,N/A,N/A,N/A,N/A,37.67
NVDA,ACT_SL,2023-11-20 00:00:00,N/A,37.67,N/A,N/A,N/A,N/A,N/A,N/A,N/A,N/A,N/A,37.89
NVDA,ACT_SL,2024-01-08 00:00:00,N/A,37.89,N/A,N/A,N/A,N/A,N/A,N/A,N/A,N/A,N/A,41.49
NVDA,ACT_SL,2024-01-15 00:00:00,N/A,41.49,N/A,N/A,N/A,N/A,N/A,N/A,N/A,N/A,N/A,44.6
NVDA,ACT_SL,2024-01-22 00:00:00,N/A,44.6,N/A,N/A,N/A,N/A,N/A,N/A,N/A,N/A,N/A,47.11
NVDA,ACT_SL,2024-01-29 00:00:00,N/A,47.11,N/A,N/A,N/A,N/A,N/A,N/A,N/A,N/A,N/A,49.92
NVDA,ACT_SL,2024-02-05 00:00:00,N/A,49.92,N/A,N/A,N/A,N/A,N/A,N/A,N/A,N/A,N/A,54.1
NVDA,ACT_SL,2024-02-12 00:00:00,N/A,54.1,N/A,N/A,N/A,N/A,N/A,N/A,N/A,N/A,N/A,55.93
NVDA,ACT_SL,2024-02-19 00:00:00,N/A,55.93,N/A,N/A,N/A,N/A,N/A,N/A,N/A,N/A,N/A,61.76
NVDA,ACT_SL,2024-03-04 00:00:00,N/A,61.76,N/A,N/A,N/A,N/A,N/A,N/A,N/A,N/A,N/A,73.01
NVDA,ACT_SL,2024-05-20 00:00:00,N/A,73.01,N/A,N/A,N/A,N/A,N/A,N/A,N/A,N/A,N/A,79.82
NVDA,ACT_SL,2024-05-27 00:00:00,N/A,79.82,N/A,N/A,N/A,N/A,N/A,N/A,N/A,N/A,N/A,86.82
NVDA,ACT_SL,2024-06-03 00:00:00,N/A,86.82,N/A,N/A,N/A,N/A,N/A,N/A,N/A,N/A,N/A,94.14
NVDA,ACT_SL,2024-06-10 00:00:00,N/A,94.14,N/A,N/A,N/A,N/A,N/A,N/A,N/A,N/A,N/A,99.58
NVDA,ACT_SL,2024-06-17 00:00:00,N/A,99.58,N/A,N/A,N/A,N/A,N/A,N/A,N/A,N/A,N/A,105.52
NVDA,VENTA StopLoss,2024-08-05 00:00:00,20.34,105.52,104.71,Cerrada,2499208.14,414.8,0,N/A,N/A,N/A,N/A,N/A
NVDA,COMPRA,N/A,N/A,N/A,N/A,N/A,N/A,N/A,N/A,COMPRA (Tecnica: EMA Lenta Ascendente),2024-08-12 00:00:00,124.53,93.4,N/A
NVDA,ACT_SL,2024-08-19 00:00:00,N/A,93.4,N/A,N/A,N/A,N/A,N/A,N/A,N/A,N/A,N/A,98.02
NVDA,ACT_SL,2024-08-26 00:00:00,N/A,98.02,N/A,N/A,N/A,N/A,N/A,N/A,N/A,N/A,N/A,98.4
NVDA,ACT_SL,2024-10-07 00:00:00,N/A,98.4,N/A,N/A,N/A,N/A,N/A,N/A,N/A,N/A,N/A,101.8
NVDA,ACT_SL,2024-10-14 00:00:00,N/A,101.8,N/A,N/A,N/A,N/A,N/A,N/A,N/A,N/A,N/A,105.63
NVDA,ACT_SL,2024-10-21 00:00:00,N/A,105.63,N/A,N/A,N/A,N/A,N/A,N/A,N/A,N/A,N/A,108.28
NVDA,ACT_SL,2024-11-04 00:00:00,N/A,108.28,N/A,N/A,N/A,N/A,N/A,N/A,N/A,N/A,N/A,112.29
NVDA,ACT_SL,2024-11-18 00:00:00,N/A,112.29,N/A,N/A,N/A,N/A,N/A,N/A,N/A,N/A,N/A,114.63
NVDA,ACT_SL,2025-01-06 00:00:00,N/A,114.63,N/A,N/A,N/A,N/A,N/A,N/A,N/A,N/A,N/A,114.82
NVDA,VENTA StopLoss,2025-03-03 00:00:00,124.53,114.82,112.66,Cerrada,-294470.96,-9.53,0,N/A,N/A,N/A,N/A,N/A
NVDA,COMPRA,N/A,N/A,N/A,N/A,N/A,N/A,N/A,N/A,COMPRA (Tecnica: EMA Lenta Ascendente),2025-03-10 00:00:00,121.64,91.23,N/A
NVDA,ACT_SL,2025-03-17 00:00:00,N/A,91.23,N/A,N/A,N/A,N/A,N/A,N/A,N/A,N/A,N/A,92.15
NVDA,ACT_SL,2025-05-12 00:00:00,N/A,92.15,N/A,N/A,N/A,N/A,N/A,N/A,N/A,N/A,N/A,102.25
NVDA,ACT_SL,2025-05-19 00:00:00,N/A,102.25,N/A,N/A,N/A,N/A,N/A,N/A,N/A,N/A,N/A,103.04
NVDA,ACT_SL,2025-05-26 00:00:00,N/A,103.04,N/A,N/A,N/A,N/A,N/A,N/A,N/A,N/A,N/A,107.6
NVDA,ACT_SL,2025-06-02 00:00:00,N/A,107.6,N/A,N/A,N/A,N/A,N/A,N/A,N/A,N/A,N/A,107.98
NVDA,ACT_SL,2025-06-09 00:00:00,N/A,107.98,N/A,N/A,N/A,N/A,N/A,N/A,N/A,N/A,N/A,108.73
NVDA,ACT_SL,2025-06-16 00:00:00,N/A,108.73,N/A,N/A,N/A,N/A,N/A,N/A,N/A,N/A,N/A,109.64
NVDA,ACT_SL,2025-06-23 00:00:00,N/A,109.64,N/A,N/A,N/A,N/A,N/A,N/A,N/A,N/A,N/A,119.02
NVDA,ACT_SL,2025-06-30 00:00:00,N/A,119.02,N/A,N/A,N/A,N/A,N/A,N/A,N/A,N/A,N/A,120.72
NVDA,ACT_SL,2025-07-07 00:00:00,N/A,120.72,N/A,N/A,N/A,N/A,N/A,N/A,N/A,N/A,N/A,125.9
NVDA,ACT_SL,2025-07-14 00:00:00,N/A,125.9,N/A,N/A,N/A,N/A,N/A,N/A,N/A,N/A,N/A,130.67
NVDA,ACT_SL,2025-07-21 00:00:00,N/A,130.67,N/A,N/A,N/A,N/A,N/A,N/A,N/A,N/A,N/A,131.02
NVDA,ACT_SL,2025-07-28 00:00:00,N/A,131.02,N/A,N/A,N/A,N/A,N/A,N/A,N/A,N/A,N/A,137.46
NVDA,ACT_SL,2025-08-04 00:00:00,N/A,137.46,N/A,N/A,N/A,N/A,N/A,N/A,N/A,N/A,N/A,137.9
NVDA,ACT_SL,2025-08-11 00:00:00,N/A,137.9,N/A,N/A,N/A,N/A,N/A,N/A,N/A,N/A,N/A,138.34
NVDA,ACT_SL,2025-09-22 00:00:00,N/A,138.34,N/A,N/A,N/A,N/A,N/A,N/A,N/A,N/A,N/A,138.4
NVDA,ACT_SL,2025-09-29 00:00:00,N/A,138.4,N/A,N/A,N/A,N/A,N/A,N/A,N/A,N/A,N/A,143.28
NVDA,ACT_SL,2025-10-06 00:00:00,N/A,143.28,N/A,N/A,N/A,N/A,N/A,N/A,N/A,N/A,N/A,146.71
NVDA,ACT_SL,2025-10-27 00:00:00,N/A,146.71,N/A,N/A,N/A,N/A,N/A,N/A,N/A,N/A,N/A,159.14
ZTS,COMPRA,N/A,N/A,N/A,N/A,N/A,N/A,N/A,N/A,COMPRA (Tecnica: EMA Lenta Ascendente),2014-12-15 00:00:00,39.93,29.95,N/A
ZTS,ACT_SL,2014-12-22 00:00:00,N/A,29.95,N/A,N/A,N/A,N/A,N/A,N/A,N/A,N/A,N/A,30.49
ZTS,ACT_SL,2015-01-05 00:00:00,N/A,30.49,N/A,N/A,N/A,N/A,N/A,N/A,N/A,N/A,N/A,30.88
ZTS,ACT_SL,2015-02-09 00:00:00,N/A,30.88,N/A,N/A,N/A,N/A,N/A,N/A,N/A,N/A,N/A,32.69
ZTS,ACT_SL,2015-03-02 00:00:00,N/A,32.69,N/A,N/A,N/A,N/A,N/A,N/A,N/A,N/A,N/A,32.84
ZTS,ACT_SL,2015-03-16 00:00:00,N/A,32.84,N/A,N/A,N/A,N/A,N/A,N/A,N/A,N/A,N/A,33.04
ZTS,ACT_SL,2015-04-20 00:00:00,N/A,33.04,N/A,N/A,N/A,N/A,N/A,N/A,N/A,N/A,N/A,33.16
ZTS,ACT_SL,2015-05-25 00:00:00,N/A,33.16,N/A,N/A,N/A,N/A,N/A,N/A,N/A,N/A,N/A,34.52
ZTS,ACT_SL,2015-06-01 00:00:00,N/A,34.52,N/A,N/A,N/A,N/A,N/A,N/A,N/A,N/A,N/A,34.8
ZTS,ACT_SL,2015-06-15 00:00:00,N/A,34.8,N/A,N/A,N/A,N/A,N/A,N/A,N/A,N/A,N/A,34.97
ZTS,ACT_SL,2015-06-22 00:00:00,N/A,34.97,N/A,N/A,N/A,N/A,N/A,N/A,N/A,N/A,N/A,38.26
ZTS,VENTA EMA Lenta Descendente (Filtro),2016-01-18 00:00:00,39.93,N/A,40.12,Cerrada,47.31,0.48,0,Cierre tecnico,N/A,N/A,N/A,N/A
ZTS,COMPRA,N/A,N/A,N/A,N/A,N/A,N/A,N/A,N/A,COMPRA (Tecnica: EMA Lenta Ascendente),2016-04-04 00:00:00,43.49,32.62,N/A
ZTS,ACT_SL,2016-04-11 00:00:00,N/A,32.62,N/A,N/A,N/A,N/A,N/A,N/A,N/A,N/A,N/A,33.53
ZTS,ACT_SL,2016-04-18 00:00:00,N/A,33.53,N/A,N/A,N/A,N/A,N/A,N/A,N/A,N/A,N/A,34.19
ZTS,ACT_SL,2016-07-11 00:00:00,N/A,34.19,N/A,N/A,N/A,N/A,N/A,N/A,N/A,N/A,N/A,35.08
ZTS,ACT_SL,2016-07-18 00:00:00,N/A,35.08,N/A,N/A,N/A,N/A,N/A,N/A,N/A,N/A,N/A,35.16
ZTS,ACT_SL,2016-07-25 00:00:00,N/A,35.16,N/A,N/A,N/A,N/A,N/A,N/A,N/A,N/A,N/A,35.3
ZTS,ACT_SL,2016-08-01 00:00:00,N/A,35.3,N/A,N/A,N/A,N/A,N/A,N/A,N/A,N/A,N/A,36.41
ZTS,ACT_SL,2016-08-15 00:00:00,N/A,36.41,N/A,N/A,N/A,N/A,N/A,N/A,N/A,N/A,N/A,36.74
ZTS,ACT_SL,2016-10-10 00:00:00,N/A,36.74,N/A,N/A,N/A,N/A,N/A,N/A,N/A,N/A,N/A,37.08
ZTS,ACT_SL,2016-12-19 00:00:00,N/A,37.08,N/A,N/A,N/A,N/A,N/A,N/A,N/A,N/A,N/A,37.61
ZTS,ACT_SL,2016-12-26 00:00:00,N/A,37.61,N/A,N/A,N/A,N/A,N/A,N/A,N/A,N/A,N/A,37.86
ZTS,ACT_SL,2017-01-02 00:00:00,N/A,37.86,N/A,N/A,N/A,N/A,N/A,N/A,N/A,N/A,N/A,38.26
ZTS,ACT_SL,2017-01-23 00:00:00,N/A,38.26,N/A,N/A,N/A,N/A,N/A,N/A,N/A,N/A,N/A,38.33
ZTS,ACT_SL,2017-01-30 00:00:00,N/A,38.33,N/A,N/A,N/A,N/A,N/A,N/A,N/A,N/A,N/A,39.29
ZTS,ACT_SL,2017-02-06 00:00:00,N/A,39.29,N/A,N/A,N/A,N/A,N/A,N/A,N/A,N/A,N/A,39.58
ZTS,ACT_SL,2017-04-24 00:00:00,N/A,39.58,N/A,N/A,N/A,N/A,N/A,N/A,N/A,N/A,N/A,39.76
ZTS,ACT_SL,2017-05-01 00:00:00,N/A,39.76,N/A,N/A,N/A,N/A,N/A,N/A,N/A,N/A,N/A,41.84
ZTS,ACT_SL,2017-05-08 00:00:00,N/A,41.84,N/A,N/A,N/A,N/A,N/A,N/A,N/A,N/A,N/A,42.26
ZTS,ACT_SL,2017-05-15 00:00:00,N/A,42.26,N/A,N/A,N/A,N/A,N/A,N/A,N/A,N/A,N/A,42.55
ZTS,ACT_SL,2017-05-22 00:00:00,N/A,42.55,N/A,N/A,N/A,N/A,N/A,N/A,N/A,N/A,N/A,44.3
ZTS,ACT_SL,2017-05-29 00:00:00,N/A,44.3,N/A,N/A,N/A,N/A,N/A,N/A,N/A,N/A,N/A,44.44
ZTS,ACT_SL,2017-06-05 00:00:00,N/A,44.44,N/A,N/A,N/A,N/A,N/A,N/A,N/A,N/A,N/A,44.56
ZTS,ACT_SL,2017-06-19 00:00:00,N/A,44.56,N/A,N/A,N/A,N/A,N/A,N/A,N/A,N/A,N/A,44.9
ZTS,ACT_SL,2017-09-04 00:00:00,N/A,44.9,N/A,N/A,N/A,N/A,N/A,N/A,N/A,N/A,N/A,45.79
ZTS,ACT_SL,2017-09-11 00:00:00,N/A,45.79,N/A,N/A,N/A,N/A,N/A,N/A,N/A,N/A,N/A,46.29
ZTS,ACT_SL,2017-10-16 00:00:00,N/A,46.29,N/A,N/A,N/A,N/A,N/A,N/A,N/A,N/A,N/A,46.48
ZTS,ACT_SL,2017-10-23 00:00:00,N/A,46.48,N/A,N/A,N/A,N/A,N/A,N/A,N/A,N/A,N/A,46.66
ZTS,ACT_SL,2017-10-30 00:00:00,N/A,46.66,N/A,N/A,N/A,N/A,N/A,N/A,N/A,N/A,N/A,48.38
ZTS,ACT_SL,2017-11-06 00:00:00,N/A,48.38,N/A,N/A,N/A,N/A,N/A,N/A,N/A,N/A,N/A,49.56
ZTS,ACT_SL,2017-11-13 00:00:00,N/A,49.56,N/A,N/A,N/A,N/A,N/A,N/A,N/A,N/A,N/A,50.08
ZTS,ACT_SL,2017-11-20 00:00:00,N/A,50.08,N/A,N/A,N/A,N/A,N/A,N/A,N/A,N/A,N/A,50.8
ZTS,ACT_SL,2017-11-27 00:00:00,N/A,50.8,N/A,N/A,N/A,N/A,N/A,N/A,N/A,N/A,N/A,51.2
ZTS,ACT_SL,2017-12-04 00:00:00,N/A,51.2,N/A,N/A,N/A,N/A,N/A,N/A,N/A,N/A,N/A,51.26
ZTS,ACT_SL,2017-12-11 00:00:00,N/A,51.26,N/A,N/A,N/A,N/A,N/A,N/A,N/A,N/A,N/A,51.4
ZTS,ACT_SL,2017-12-18 00:00:00,N/A,51.4,N/A,N/A,N/A,N/A,N/A,N/A,N/A,N/A,N/A,51.82
ZTS,ACT_SL,2018-01-01 00:00:00,N/A,51.82,N/A,N/A,N/A,N/A,N/A,N/A,N/A,N/A,N/A,52.06
ZTS,ACT_SL,2018-01-08 00:00:00,N/A,52.06,N/A,N/A,N/A,N/A,N/A,N/A,N/A,N/A,N/A,53.3
ZTS,ACT_SL,2018-01-15 00:00:00,N/A,53.3,N/A,N/A,N/A,N/A,N/A,N/A,N/A,N/A,N/A,54.25
ZTS,ACT_SL,2018-01-22 00:00:00,N/A,54.25,N/A,N/A,N/A,N/A,N/A,N/A,N/A,N/A,N/A,56.52
ZTS,ACT_SL,2018-02-12 00:00:00,N/A,56.52,N/A,N/A,N/A,N/A,N/A,N/A,N/A,N/A,N/A,57.42
ZTS,ACT_SL,2018-02-19 00:00:00,N/A,57.42,N/A,N/A,N/A,N/A,N/A,N/A,N/A,N/A,N/A,58.5
ZTS,ACT_SL,2018-02-26 00:00:00,N/A,58.5,N/A,N/A,N/A,N/A,N/A,N/A,N/A,N/A,N/A,58.88
ZTS,ACT_SL,2018-03-05 00:00:00,N/A,58.88,N/A,N/A,N/A,N/A,N/A,N/A,N/A,N/A,N/A,59.99
ZTS,ACT_SL,2018-03-12 00:00:00,N/A,59.99,N/A,N/A,N/A,N/A,N/A,N/A,N/A,N/A,N/A,60.34
ZTS,ACT_SL,2018-03-19 00:00:00,N/A,60.34,N/A,N/A,N/A,N/A,N/A,N/A,N/A,N/A,N/A,60.47
ZTS,ACT_SL,2018-04-16 00:00:00,N/A,60.47,N/A,N/A,N/A,N/A,N/A,N/A,N/A,N/A,N/A,60.93
ZTS,ACT_SL,2018-06-04 00:00:00,N/A,60.93,N/A,N/A,N/A,N/A,N/A,N/A,N/A,N/A,N/A,61.73
ZTS,ACT_SL,2018-06-11 00:00:00,N/A,61.73,N/A,N/A,N/A,N/A,N/A,N/A,N/A,N/A,N/A,63.05
ZTS,ACT_SL,2018-07-30 00:00:00,N/A,63.05,N/A,N/A,N/A,N/A,N/A,N/A,N/A,N/A,N/A,65.08
ZTS,ACT_SL,2018-08-06 00:00:00,N/A,65.08,N/A,N/A,N/A,N/A,N/A,N/A,N/A,N/A,N/A,66.27
ZTS,ACT_SL,2018-10-01 00:00:00,N/A,66.27,N/A,N/A,N/A,N/A,N/A,N/A,N/A,N/A,N/A,66.72
ZTS,ACT_SL,2018-10-29 00:00:00,N/A,66.72,N/A,N/A,N/A,N/A,N/A,N/A,N/A,N/A,N/A,68.32
ZTS,ACT_SL,2019-03-04 00:00:00,N/A,68.32,N/A,N/A,N/A,N/A,N/A,N/A,N/A,N/A,N/A,69.53
ZTS,ACT_SL,2019-03-18 00:00:00,N/A,69.53,N/A,N/A,N/A,N/A,N/A,N/A,N/A,N/A,N/A,70.92
ZTS,ACT_SL,2019-03-25 00:00:00,N/A,70.92,N/A,N/A,N/A,N/A,N/A,N/A,N/A,N/A,N/A,71.65
ZTS,ACT_SL,2019-04-01 00:00:00,N/A,71.65,N/A,N/A,N/A,N/A,N/A,N/A,N/A,N/A,N/A,73.35
ZTS,ACT_SL,2019-04-22 00:00:00,N/A,73.35,N/A,N/A,N/A,N/A,N/A,N/A,N/A,N/A,N/A,73.52
ZTS,ACT_SL,2019-04-29 00:00:00,N/A,73.52,N/A,N/A,N/A,N/A,N/A,N/A,N/A,N/A,N/A,73.93
ZTS,ACT_SL,2019-05-20 00:00:00,N/A,73.93,N/A,N/A,N/A,N/A,N/A,N/A,N/A,N/A,N/A,74.24
ZTS,ACT_SL,2019-06-03 00:00:00,N/A,74.24,N/A,N/A,N/A,N/A,N/A,N/A,N/A,N/A,N/A,78.86
ZTS,ACT_SL,2019-06-10 00:00:00,N/A,78.86,N/A,N/A,N/A,N/A,N/A,N/A,N/A,N/A,N/A,79.82
ZTS,ACT_SL,2019-06-17 00:00:00,N/A,79.82,N/A,N/A,N/A,N/A,N/A,N/A,N/A,N/A,N/A,82.82
ZTS,ACT_SL,2019-07-22 00:00:00,N/A,82.82,N/A,N/A,N/A,N/A,N/A,N/A,N/A,N/A,N/A,83.08
ZTS,ACT_SL,2019-07-29 00:00:00,N/A,83.08,N/A,N/A,N/A,N/A,N/A,N/A,N/A,N/A,N/A,83.33
ZTS,ACT_SL,2019-08-05 00:00:00,N/A,83.33,N/A,N/A,N/A,N/A,N/A,N/A,N/A,N/A,N/A,89.63
ZTS,ACT_SL,2019-08-19 00:00:00,N/A,89.63,N/A,N/A,N/A,N/A,N/A,N/A,N/A,N/A,N/A,91.43
ZTS,ACT_SL,2019-09-02 00:00:00,N/A,91.43,N/A,N/A,N/A,N/A,N/A,N/A,N/A,N/A,N/A,92.2
ZTS,ACT_SL,2019-09-09 00:00:00,N/A,92.2,N/A,N/A,N/A,N/A,N/A,N/A,N/A,N/A,N/A,92.62
ZTS,ACT_SL,2019-10-07 00:00:00,N/A,92.62,N/A,N/A,N/A,N/A,N/A,N/A,N/A,N/A,N/A,92.63
ZTS,ACT_SL,2019-10-14 00:00:00,N/A,92.63,N/A,N/A,N/A,N/A,N/A,N/A,N/A,N/A,N/A,92.71
ZTS,ACT_SL,2019-12-16 00:00:00,N/A,92.71,N/A,N/A,N/A,N/A,N/A,N/A,N/A,N/A,N/A,95.19
ZTS,ACT_SL,2019-12-30 00:00:00,N/A,95.19,N/A,N/A,N/A,N/A,N/A,N/A,N/A,N/A,N/A,96.19
ZTS,ACT_SL,2020-01-06 00:00:00,N/A,96.19,N/A,N/A,N/A,N/A,N/A,N/A,N/A,N/A,N/A,97.22
ZTS,ACT_SL,2020-01-13 00:00:00,N/A,97.22,N/A,N/A,N/A,N/A,N/A,N/A,N/A,N/A,N/A,100.1
ZTS,ACT_SL,2020-01-20 00:00:00,N/A,100.1,N/A,N/A,N/A,N/A,N/A,N/A,N/A,N/A,N/A,102.34
ZTS,ACT_SL,2020-02-10 00:00:00,N/A,102.34,N/A,N/A,N/A,N/A,N/A,N/A,N/A,N/A,N/A,104.43
ZTS,VENTA StopLoss,2020-03-16 00:00:00,43.49,104.43,96.09,Cerrada,12045.4,120.95,0,N/A,N/A,N/A,N/A,N/A
ZTS,COMPRA,N/A,N/A,N/A,N/A,N/A,N/A,N/A,N/A,COMPRA (Tecnica: EMA Lenta Ascendente),2020-04-06 00:00:00,122.57,91.93,N/A
ZTS,ACT_SL,2020-04-13 00:00:00,N/A,91.93,N/A,N/A,N/A,N/A,N/A,N/A,N/A,N/A,N/A,93.92
ZTS,ACT_SL,2020-05-04 00:00:00,N/A,93.92,N/A,N/A,N/A,N/A,N/A,N/A,N/A,N/A,N/A,94.57
ZTS,ACT_SL,2020-05-18 00:00:00,N/A,94.57,N/A,N/A,N/A,N/A,N/A,N/A,N/A,N/A,N/A,98.02
ZTS,ACT_SL,2020-05-25 00:00:00,N/A,98.02,N/A,N/A,N/A,N/A,N/A,N/A,N/A,N/A,N/A,100.29
ZTS,ACT_SL,2020-06-01 00:00:00,N/A,100.29,N/A,N/A,N/A,N/A,N/A,N/A,N/A,N/A,N/A,102.41
ZTS,ACT_SL,2020-07-13 00:00:00,N/A,102.41,N/A,N/A,N/A,N/A,N/A,N/A,N/A,N/A,N/A,103.9
ZTS,ACT_SL,2020-07-20 00:00:00,N/A,103.9,N/A,N/A,N/A,N/A,N/A,N/A,N/A,N/A,N/A,105.34
ZTS,ACT_SL,2020-07-27 00:00:00,N/A,105.34,N/A,N/A,N/A,N/A,N/A,N/A,N/A,N/A,N/A,108.79
ZTS,ACT_SL,2020-08-03 00:00:00,N/A,108.79,N/A,N/A,N/A,N/A,N/A,N/A,N/A,N/A,N/A,117.44
ZTS,ACT_SL,2020-08-31 00:00:00,N/A,117.44,N/A,N/A,N/A,N/A,N/A,N/A,N/A,N/A,N/A,118.75
ZTS,ACT_SL,2020-09-28 00:00:00,N/A,118.75,N/A,N/A,N/A,N/A,N/A,N/A,N/A,N/A,N/A,119.44
ZTS,ACT_SL,2020-10-12 00:00:00,N/A,119.44,N/A,N/A,N/A,N/A,N/A,N/A,N/A,N/A,N/A,121.0
ZTS,ACT_SL,2020-11-02 00:00:00,N/A,121.0,N/A,N/A,N/A,N/A,N/A,N/A,N/A,N/A,N/A,126.66
ZTS,ACT_SL,2021-05-03 00:00:00,N/A,126.66,N/A,N/A,N/A,N/A,N/A,N/A,N/A,N/A,N/A,126.75
ZTS,ACT_SL,2021-05-17 00:00:00,N/A,126.75,N/A,N/A,N/A,N/A,N/A,N/A,N/A,N/A,N/A,127.82
ZTS,ACT_SL,2021-05-24 00:00:00,N/A,127.82,N/A,N/A,N/A,N/A,N/A,N/A,N/A,N/A,N/A,128.54
ZTS,ACT_SL,2021-06-07 00:00:00,N/A,128.54,N/A,N/A,N/A,N/A,N/A,N/A,N/A,N/A,N/A,131.51
ZTS,ACT_SL,2021-06-14 00:00:00,N/A,131.51,N/A,N/A,N/A,N/A,N/A,N/A,N/A,N/A,N/A,134.45
ZTS,ACT_SL,2021-06-21 00:00:00,N/A,134.45,N/A,N/A,N/A,N/A,N/A,N/A,N/A,N/A,N/A,134.76
ZTS,ACT_SL,2021-06-28 00:00:00,N/A,134.76,N/A,N/A,N/A,N/A,N/A,N/A,N/A,N/A,N/A,138.84
ZTS,ACT_SL,2021-07-05 00:00:00,N/A,138.84,N/A,N/A,N/A,N/A,N/A,N/A,N/A,N/A,N/A,142.7
ZTS,ACT_SL,2021-07-12 00:00:00,N/A,142.7,N/A,N/A,N/A,N/A,N/A,N/A,N/A,N/A,N/A,145.31
ZTS,ACT_SL,2021-07-19 00:00:00,N/A,145.31,N/A,N/A,N/A,N/A,N/A,N/A,N/A,N/A,N/A,146.68
ZTS,ACT_SL,2021-07-26 00:00:00,N/A,146.68,N/A,N/A,N/A,N/A,N/A,N/A,N/A,N/A,N/A,148.11
ZTS,ACT_SL,2021-08-02 00:00:00,N/A,148.11,N/A,N/A,N/A,N/A,N/A,N/A,N/A,N/A,N/A,149.07
ZTS,ACT_SL,2021-08-16 00:00:00,N/A,149.07,N/A,N/A,N/A,N/A,N/A,N/A,N/A,N/A,N/A,149.98
ZTS,ACT_SL,2021-08-23 00:00:00,N/A,149.98,N/A,N/A,N/A,N/A,N/A,N/A,N/A,N/A,N/A,150.19
ZTS,ACT_SL,2021-08-30 00:00:00,N/A,150.19,N/A,N/A,N/A,N/A,N/A,N/A,N/A,N/A,N/A,151.3
ZTS,ACT_SL,2021-10-25 00:00:00,N/A,151.3,N/A,N/A,N/A,N/A,N/A,N/A,N/A,N/A,N/A,156.21
ZTS,ACT_SL,2021-11-01 00:00:00,N/A,156.21,N/A,N/A,N/A,N/A,N/A,N/A,N/A,N/A,N/A,157.53
ZTS,ACT_SL,2021-11-08 00:00:00,N/A,157.53,N/A,N/A,N/A,N/A,N/A,N/A,N/A,N/A,N/A,159.2
ZTS,ACT_SL,2021-11-15 00:00:00,N/A,159.2,N/A,N/A,N/A,N/A,N/A,N/A,N/A,N/A,N/A,164.62
ZTS,ACT_SL,2021-11-22 00:00:00,N/A,164.62,N/A,N/A,N/A,N/A,N/A,N/A,N/A,N/A,N/A,165.03
ZTS,ACT_SL,2021-12-06 00:00:00,N/A,165.03,N/A,N/A,N/A,N/A,N/A,N/A,N/A,N/A,N/A,167.2
ZTS,ACT_SL,2021-12-13 00:00:00,N/A,167.2,N/A,N/A,N/A,N/A,N/A,N/A,N/A,N/A,N/A,170.44
ZTS,ACT_SL,2021-12-20 00:00:00,N/A,170.44,N/A,N/A,N/A,N/A,N/A,N/A,N/A,N/A,N/A,176.2
ZTS,ACT_SL,2021-12-27 00:00:00,N/A,176.2,N/A,N/A,N/A,N/A,N/A,N/A,N/A,N/A,N/A,179.72
ZTS,VENTA StopLoss,2022-03-07 00:00:00,122.57,179.72,178.41,Cerrada,9995.36,45.56,0,N/A,N/A,N/A,N/A,N/A
ZTS,COMPRA,N/A,N/A,N/A,N/A,N/A,N/A,N/A,N/A,COMPRA (Tecnica: EMA Lenta Ascendente),2022-03-21 00:00:00,182.4,136.8,N/A
ZTS,ACT_SL,2022-03-28 00:00:00,N/A,136.8,N/A,N/A,N/A,N/A,N/A,N/A,N/A,N/A,N/A,140.74
ZTS,ACT_SL,2022-04-04 00:00:00,N/A,140.74,N/A,N/A,N/A,N/A,N/A,N/A,N/A,N/A,N/A,145.38
ZTS,VENTA EMA Lenta Descendente (Filtro),2022-04-18 00:00:00,182.4,N/A,175.19,Cerrada,-1254.54,-3.95,0,Cierre tecnico,N/A,N/A,N/A,N/A
ZTS,COMPRA,N/A,N/A,N/A,N/A,N/A,N/A,N/A,N/A,COMPRA (Tecnica: Stoch Fast Cruce & Ascendente),2022-05-02 00:00:00,163.21,122.41,N/A
ZTS,VENTA EMA Lenta Descendente (Filtro),2022-05-09 00:00:00,163.21,N/A,159.47,Cerrada,-695.64,-2.29,0,Cierre tecnico,N/A,N/A,N/A,N/A
ZTS,COMPRA,N/A,N/A,N/A,N/A,N/A,N/A,N/A,N/A,COMPRA (Tecnica: Stoch Slow Cruce & Ascendente),2022-12-26 00:00:00,141.92,106.44,N/A
ZTS,VENTA EMA Lenta Descendente (Filtro),2023-01-02 00:00:00,141.92,N/A,142.97,Cerrada,218.4,0.74,0,Cierre tecnico,N/A,N/A,N/A,N/A
ZTS,COMPRA,N/A,N/A,N/A,N/A,N/A,N/A,N/A,N/A,COMPRA (Tecnica: EMA Lenta Ascendente),2023-04-10 00:00:00,169.48,127.11,N/A
ZTS,ACT_SL,2023-04-17 00:00:00,N/A,127.11,N/A,N/A,N/A,N/A,N/A,N/A,N/A,N/A,N/A,129.05
ZTS,ACT_SL,2023-04-24 00:00:00,N/A,129.05,N/A,N/A,N/A,N/A,N/A,N/A,N/A,N/A,N/A,129.45
ZTS,ACT_SL,2023-05-01 00:00:00,N/A,129.45,N/A,N/A,N/A,N/A,N/A,N/A,N/A,N/A,N/A,137.02
ZTS,ACT_SL,2023-07-24 00:00:00,N/A,137.02,N/A,N/A,N/A,N/A,N/A,N/A,N/A,N/A,N/A,142.57
ZTS,VENTA EMA Lenta Descendente (Filtro),2023-10-23 00:00:00,169.48,N/A,152.11,Cerrada,-3039.75,-10.25,0,Cierre tecnico,N/A,N/A,N/A,N/A
ZTS,COMPRA,N/A,N/A,N/A,N/A,N/A,N/A,N/A,N/A,COMPRA (Tecnica: EMA Lenta Ascendente),2023-11-20 00:00:00,176.1,132.07,N/A
ZTS,ACT_SL,2023-11-27 00:00:00,N/A,132.07,N/A,N/A,N/A,N/A,N/A,N/A,N/A,N/A,N/A,132.5
ZTS,ACT_SL,2023-12-04 00:00:00,N/A,132.5,N/A,N/A,N/A,N/A,N/A,N/A,N/A,N/A,N/A,135.48
ZTS,ACT_SL,2023-12-11 00:00:00,N/A,135.48,N/A,N/A,N/A,N/A,N/A,N/A,N/A,N/A,N/A,147.99
ZTS,VENTA EMA Lenta Descendente (Filtro),2024-03-18 00:00:00,176.1,N/A,165.42,Cerrada,-1602.0,-6.06,0,Cierre tecnico,N/A,N/A,N/A,N/A
ZTS,COMPRA,N/A,N/A,N/A,N/A,N/A,N/A,N/A,N/A,COMPRA (Tecnica: EMA Lenta Ascendente),2024-07-08 00:00:00,175.86,131.9,N/A
ZTS,ACT_SL,2024-07-15 00:00:00,N/A,131.9,N/A,N/A,N/A,N/A,N/A,N/A,N/A,N/A,N/A,136.16
ZTS,ACT_SL,2024-07-22 00:00:00,N/A,136.16,N/A,N/A,N/A,N/A,N/A,N/A,N/A,N/A,N/A,137.68
ZTS,ACT_SL,2024-08-05 00:00:00,N/A,137.68,N/A,N/A,N/A,N/A,N/A,N/A,N/A,N/A,N/A,140.46
ZTS,ACT_SL,2024-09-02 00:00:00,N/A,140.46,N/A,N/A,N/A,N/A,N/A,N/A,N/A,N/A,N/A,140.62
ZTS,ACT_SL,2024-09-09 00:00:00,N/A,140.62,N/A,N/A,N/A,N/A,N/A,N/A,N/A,N/A,N/A,142.96
ZTS,ACT_SL,2024-09-16 00:00:00,N/A,142.96,N/A,N/A,N/A,N/A,N/A,N/A,N/A,N/A,N/A,147.93
ZTS,VENTA EMA Lenta Descendente (Filtro),2024-11-11 00:00:00,175.86,N/A,172.84,Cerrada,-425.82,-1.72,0,Cierre tecnico,N/A,N/A,N/A,N/A
ZTS,COMPRA,N/A,N/A,N/A,N/A,N/A,N/A,N/A,N/A,COMPRA (Tecnica: Stoch Fast Cruce & Ascendente),2024-12-30 00:00:00,161.17,120.88,N/A
ZTS,VENTA EMA Lenta Descendente (Filtro),2025-01-06 00:00:00,161.17,N/A,161.18,Cerrada,1.51,0.01,0,Cierre tecnico,N/A,N/A,N/A,N/A
ZTS,COMPRA,N/A,N/A,N/A,N/A,N/A,N/A,N/A,N/A,COMPRA (Tecnica: Stoch Mid Cruce & Ascendente),2025-11-17 00:00:00,122.06,91.54,N/A
ZTS,VENTA EMA Lenta Descendente (Filtro),2025-11-24 00:00:00,122.06,N/A,128.18,Cerrada,1211.76,5.01,0,Cierre tecnico,N/A,N/A,N/A,N/A
ZTS,COMPRA,N/A,N/A,N/A,N/A,N/A,N/A,N/A,N/A,COMPRA (Tecnica: Stoch Slow Cruce & Ascendente),2025-12-15 00:00:00,122.76,92.07,N/A
GOOG,COMPRA,N/A,N/A,N/A,N/A,N/A,N/A,N/A,N/A,COMPRA (Tecnica: EMA Lenta Ascendente),2016-03-14 00:00:00,36.61,27.46,N/A
GOOG,ACT_SL,2016-03-21 00:00:00,N/A,27.46,N/A,N/A,N/A,N/A,N/A,N/A,N/A,N/A,N/A,27.76
GOOG,ACT_SL,2016-03-28 00:00:00,N/A,27.76,N/A,N/A,N/A,N/A,N/A,N/A,N/A,N/A,N/A,28.21
GOOG,ACT_SL,2016-04-11 00:00:00,N/A,28.21,N/A,N/A,N/A,N/A,N/A,N/A,N/A,N/A,N/A,28.33
GOOG,ACT_SL,2016-04-18 00:00:00,N/A,28.33,N/A,N/A,N/A,N/A,N/A,N/A,N/A,N/A,N/A,28.66
GOOG,ACT_SL,2016-07-25 00:00:00,N/A,28.66,N/A,N/A,N/A,N/A,N/A,N/A,N/A,N/A,N/A,28.98
GOOG,ACT_SL,2016-08-01 00:00:00,N/A,28.98,N/A,N/A,N/A,N/A,N/A,N/A,N/A,N/A,N/A,29.14
GOOG,ACT_SL,2016-08-08 00:00:00,N/A,29.14,N/A,N/A,N/A,N/A,N/A,N/A,N/A,N/A,N/A,29.39
GOOG,ACT_SL,2016-09-19 00:00:00,N/A,29.39,N/A,N/A,N/A,N/A,N/A,N/A,N/A,N/A,N/A,29.4
GOOG,ACT_SL,2016-10-10 00:00:00,N/A,29.4,N/A,N/A,N/A,N/A,N/A,N/A,N/A,N/A,N/A,29.49
GOOG,ACT_SL,2016-10-17 00:00:00,N/A,29.49,N/A,N/A,N/A,N/A,N/A,N/A,N/A,N/A,N/A,29.95
GOOG,ACT_SL,2016-10-24 00:00:00,N/A,29.95,N/A,N/A,N/A,N/A,N/A,N/A,N/A,N/A,N/A,30.4
GOOG,ACT_SL,2017-01-23 00:00:00,N/A,30.4,N/A,N/A,N/A,N/A,N/A,N/A,N/A,N/A,N/A,31.34
GOOG,ACT_SL,2017-03-06 00:00:00,N/A,31.34,N/A,N/A,N/A,N/A,N/A,N/A,N/A,N/A,N/A,31.45
GOOG,ACT_SL,2017-03-13 00:00:00,N/A,31.45,N/A,N/A,N/A,N/A,N/A,N/A,N/A,N/A,N/A,31.76
GOOG,ACT_SL,2017-03-20 00:00:00,N/A,31.76,N/A,N/A,N/A,N/A,N/A,N/A,N/A,N/A,N/A,31.77
GOOG,ACT_SL,2017-04-24 00:00:00,N/A,31.77,N/A,N/A,N/A,N/A,N/A,N/A,N/A,N/A,N/A,34.12
GOOG,ACT_SL,2017-05-01 00:00:00,N/A,34.12,N/A,N/A,N/A,N/A,N/A,N/A,N/A,N/A,N/A,34.84
GOOG,ACT_SL,2017-05-08 00:00:00,N/A,34.84,N/A,N/A,N/A,N/A,N/A,N/A,N/A,N/A,N/A,34.9
GOOG,ACT_SL,2017-05-15 00:00:00,N/A,34.9,N/A,N/A,N/A,N/A,N/A,N/A,N/A,N/A,N/A,35.1
GOOG,ACT_SL,2017-05-22 00:00:00,N/A,35.1,N/A,N/A,N/A,N/A,N/A,N/A,N/A,N/A,N/A,36.29
GOOG,ACT_SL,2017-05-29 00:00:00,N/A,36.29,N/A,N/A,N/A,N/A,N/A,N/A,N/A,N/A,N/A,36.45
GOOG,ACT_SL,2017-06-05 00:00:00,N/A,36.45,N/A,N/A,N/A,N/A,N/A,N/A,N/A,N/A,N/A,36.78
GOOG,ACT_SL,2017-10-09 00:00:00,N/A,36.78,N/A,N/A,N/A,N/A,N/A,N/A,N/A,N/A,N/A,37.12
GOOG,ACT_SL,2017-10-23 00:00:00,N/A,37.12,N/A,N/A,N/A,N/A,N/A,N/A,N/A,N/A,N/A,39.02
GOOG,ACT_SL,2017-11-27 00:00:00,N/A,39.02,N/A,N/A,N/A,N/A,N/A,N/A,N/A,N/A,N/A,39.54
GOOG,ACT_SL,2017-12-11 00:00:00,N/A,39.54,N/A,N/A,N/A,N/A,N/A,N/A,N/A,N/A,N/A,39.74
GOOG,ACT_SL,2017-12-18 00:00:00,N/A,39.74,N/A,N/A,N/A,N/A,N/A,N/A,N/A,N/A,N/A,40.14
GOOG,ACT_SL,2018-01-01 00:00:00,N/A,40.14,N/A,N/A,N/A,N/A,N/A,N/A,N/A,N/A,N/A,41.1
GOOG,ACT_SL,2018-01-08 00:00:00,N/A,41.1,N/A,N/A,N/A,N/A,N/A,N/A,N/A,N/A,N/A,41.85
GOOG,ACT_SL,2018-01-15 00:00:00,N/A,41.85,N/A,N/A,N/A,N/A,N/A,N/A,N/A,N/A,N/A,42.43
GOOG,ACT_SL,2018-01-22 00:00:00,N/A,42.43,N/A,N/A,N/A,N/A,N/A,N/A,N/A,N/A,N/A,43.91
GOOG,ACT_SL,2018-01-29 00:00:00,N/A,43.91,N/A,N/A,N/A,N/A,N/A,N/A,N/A,N/A,N/A,44.18
GOOG,ACT_SL,2018-07-09 00:00:00,N/A,44.18,N/A,N/A,N/A,N/A,N/A,N/A,N/A,N/A,N/A,44.5
GOOG,ACT_SL,2018-07-16 00:00:00,N/A,44.5,N/A,N/A,N/A,N/A,N/A,N/A,N/A,N/A,N/A,44.84
GOOG,ACT_SL,2018-07-23 00:00:00,N/A,44.84,N/A,N/A,N/A,N/A,N/A,N/A,N/A,N/A,N/A,47.42
GOOG,VENTA EMA Lenta Descendente (Filtro),2018-11-19 00:00:00,36.61,N/A,50.81,Cerrada,3862.4,38.79,0,Cierre tecnico,N/A,N/A,N/A,N/A
GOOG,COMPRA,N/A,N/A,N/A,N/A,N/A,N/A,N/A,N/A,COMPRA (Tecnica: EMA Lenta Ascendente),2019-01-21 00:00:00,54.14,40.61,N/A
GOOG,ACT_SL,2019-01-28 00:00:00,N/A,40.61,N/A,N/A,N/A,N/A,N/A,N/A,N/A,N/A,N/A,41.87
GOOG,ACT_SL,2019-02-04 00:00:00,N/A,41.87,N/A,N/A,N/A,N/A,N/A,N/A,N/A,N/A,N/A,42.69
GOOG,ACT_SL,2019-03-04 00:00:00,N/A,42.69,N/A,N/A,N/A,N/A,N/A,N/A,N/A,N/A,N/A,43.54
GOOG,ACT_SL,2019-03-11 00:00:00,N/A,43.54,N/A,N/A,N/A,N/A,N/A,N/A,N/A,N/A,N/A,44.7
GOOG,ACT_SL,2019-03-18 00:00:00,N/A,44.7,N/A,N/A,N/A,N/A,N/A,N/A,N/A,N/A,N/A,45.85
GOOG,ACT_SL,2019-04-15 00:00:00,N/A,45.85,N/A,N/A,N/A,N/A,N/A,N/A,N/A,N/A,N/A,46.23
GOOG,ACT_SL,2019-04-22 00:00:00,N/A,46.23,N/A,N/A,N/A,N/A,N/A,N/A,N/A,N/A,N/A,47.38
GOOG,ACT_SL,2019-04-29 00:00:00,N/A,47.38,N/A,N/A,N/A,N/A,N/A,N/A,N/A,N/A,N/A,47.98
GOOG,VENTA EMA Lenta Descendente (Filtro),2019-06-03 00:00:00,54.14,N/A,52.91,Cerrada,-312.42,-2.27,0,Cierre tecnico,N/A,N/A,N/A,N/A
GOOG,COMPRA,N/A,N/A,N/A,N/A,N/A,N/A,N/A,N/A,COMPRA (Tecnica: EMA Lenta Ascendente),2019-07-08 00:00:00,56.82,42.62,N/A
GOOG,ACT_SL,2019-07-15 00:00:00,N/A,42.62,N/A,N/A,N/A,N/A,N/A,N/A,N/A,N/A,N/A,43.12
GOOG,ACT_SL,2019-07-22 00:00:00,N/A,43.12,N/A,N/A,N/A,N/A,N/A,N/A,N/A,N/A,N/A,47.11
GOOG,ACT_SL,2019-10-21 00:00:00,N/A,47.11,N/A,N/A,N/A,N/A,N/A,N/A,N/A,N/A,N/A,47.26
GOOG,ACT_SL,2019-10-28 00:00:00,N/A,47.26,N/A,N/A,N/A,N/A,N/A,N/A,N/A,N/A,N/A,48.36
GOOG,ACT_SL,2019-11-04 00:00:00,N/A,48.36,N/A,N/A,N/A,N/A,N/A,N/A,N/A,N/A,N/A,49.27
GOOG,ACT_SL,2019-11-11 00:00:00,N/A,49.27,N/A,N/A,N/A,N/A,N/A,N/A,N/A,N/A,N/A,49.69
GOOG,ACT_SL,2019-11-18 00:00:00,N/A,49.69,N/A,N/A,N/A,N/A,N/A,N/A,N/A,N/A,N/A,49.71
GOOG,ACT_SL,2019-12-02 00:00:00,N/A,49.71,N/A,N/A,N/A,N/A,N/A,N/A,N/A,N/A,N/A,50.03
GOOG,ACT_SL,2019-12-09 00:00:00,N/A,50.03,N/A,N/A,N/A,N/A,N/A,N/A,N/A,N/A,N/A,50.6
GOOG,ACT_SL,2019-12-16 00:00:00,N/A,50.6,N/A,N/A,N/A,N/A,N/A,N/A,N/A,N/A,N/A,50.8
GOOG,ACT_SL,2019-12-30 00:00:00,N/A,50.8,N/A,N/A,N/A,N/A,N/A,N/A,N/A,N/A,N/A,51.08
GOOG,ACT_SL,2020-01-06 00:00:00,N/A,51.08,N/A,N/A,N/A,N/A,N/A,N/A,N/A,N/A,N/A,53.41
GOOG,ACT_SL,2020-01-13 00:00:00,N/A,53.41,N/A,N/A,N/A,N/A,N/A,N/A,N/A,N/A,N/A,55.13
GOOG,ACT_SL,2020-01-20 00:00:00,N/A,55.13,N/A,N/A,N/A,N/A,N/A,N/A,N/A,N/A,N/A,55.95
GOOG,ACT_SL,2020-02-10 00:00:00,N/A,55.95,N/A,N/A,N/A,N/A,N/A,N/A,N/A,N/A,N/A,56.93
GOOG,ACT_SL,2020-02-17 00:00:00,N/A,56.93,N/A,N/A,N/A,N/A,N/A,N/A,N/A,N/A,N/A,57.03
GOOG,VENTA EMA Lenta Descendente (Filtro),2020-03-16 00:00:00,56.82,N/A,53.22,Cerrada,-849.6,-6.34,0,Cierre tecnico,N/A,N/A,N/A,N/A
GOOG,COMPRA,N/A,N/A,N/A,N/A,N/A,N/A,N/A,N/A,COMPRA (Tecnica: EMA Lenta Ascendente),2020-04-20 00:00:00,63.49,47.62,N/A
GOOG,ACT_SL,2020-04-27 00:00:00,N/A,47.62,N/A,N/A,N/A,N/A,N/A,N/A,N/A,N/A,N/A,50.62
GOOG,ACT_SL,2020-05-04 00:00:00,N/A,50.62,N/A,N/A,N/A,N/A,N/A,N/A,N/A,N/A,N/A,52.06
GOOG,ACT_SL,2020-05-11 00:00:00,N/A,52.06,N/A,N/A,N/A,N/A,N/A,N/A,N/A,N/A,N/A,52.72
GOOG,ACT_SL,2020-05-25 00:00:00,N/A,52.72,N/A,N/A,N/A,N/A,N/A,N/A,N/A,N/A,N/A,53.63
GOOG,ACT_SL,2020-06-01 00:00:00,N/A,53.63,N/A,N/A,N/A,N/A,N/A,N/A,N/A,N/A,N/A,53.84
GOOG,ACT_SL,2020-06-08 00:00:00,N/A,53.84,N/A,N/A,N/A,N/A,N/A,N/A,N/A,N/A,N/A,54.87
GOOG,ACT_SL,2020-06-22 00:00:00,N/A,54.87,N/A,N/A,N/A,N/A,N/A,N/A,N/A,N/A,N/A,54.94
GOOG,ACT_SL,2020-06-29 00:00:00,N/A,54.94,N/A,N/A,N/A,N/A,N/A,N/A,N/A,N/A,N/A,55.2
GOOG,ACT_SL,2020-07-06 00:00:00,N/A,55.2,N/A,N/A,N/A,N/A,N/A,N/A,N/A,N/A,N/A,57.46
GOOG,ACT_SL,2020-07-13 00:00:00,N/A,57.46,N/A,N/A,N/A,N/A,N/A,N/A,N/A,N/A,N/A,58.7
GOOG,ACT_SL,2020-07-20 00:00:00,N/A,58.7,N/A,N/A,N/A,N/A,N/A,N/A,N/A,N/A,N/A,59.07
GOOG,ACT_SL,2020-08-17 00:00:00,N/A,59.07,N/A,N/A,N/A,N/A,N/A,N/A,N/A,N/A,N/A,59.47
GOOG,ACT_SL,2020-08-24 00:00:00,N/A,59.47,N/A,N/A,N/A,N/A,N/A,N/A,N/A,N/A,N/A,61.76
GOOG,ACT_SL,2020-08-31 00:00:00,N/A,61.76,N/A,N/A,N/A,N/A,N/A,N/A,N/A,N/A,N/A,64.51
GOOG,ACT_SL,2020-11-02 00:00:00,N/A,64.51,N/A,N/A,N/A,N/A,N/A,N/A,N/A,N/A,N/A,66.76
GOOG,ACT_SL,2020-11-09 00:00:00,N/A,66.76,N/A,N/A,N/A,N/A,N/A,N/A,N/A,N/A,N/A,67.67
GOOG,ACT_SL,2020-11-30 00:00:00,N/A,67.67,N/A,N/A,N/A,N/A,N/A,N/A,N/A,N/A,N/A,68.75
GOOG,ACT_SL,2021-01-18 00:00:00,N/A,68.75,N/A,N/A,N/A,N/A,N/A,N/A,N/A,N/A,N/A,72.02
GOOG,ACT_SL,2021-02-01 00:00:00,N/A,72.02,N/A,N/A,N/A,N/A,N/A,N/A,N/A,N/A,N/A,78.78
GOOG,ACT_SL,2021-02-08 00:00:00,N/A,78.78,N/A,N/A,N/A,N/A,N/A,N/A,N/A,N/A,N/A,79.04
GOOG,ACT_SL,2021-02-15 00:00:00,N/A,79.04,N/A,N/A,N/A,N/A,N/A,N/A,N/A,N/A,N/A,80.12
GOOG,ACT_SL,2021-04-05 00:00:00,N/A,80.12,N/A,N/A,N/A,N/A,N/A,N/A,N/A,N/A,N/A,85.2
GOOG,ACT_SL,2021-04-12 00:00:00,N/A,85.2,N/A,N/A,N/A,N/A,N/A,N/A,N/A,N/A,N/A,85.85
GOOG,ACT_SL,2021-04-19 00:00:00,N/A,85.85,N/A,N/A,N/A,N/A,N/A,N/A,N/A,N/A,N/A,86.57
GOOG,ACT_SL,2021-04-26 00:00:00,N/A,86.57,N/A,N/A,N/A,N/A,N/A,N/A,N/A,N/A,N/A,91.28
GOOG,ACT_SL,2021-05-31 00:00:00,N/A,91.28,N/A,N/A,N/A,N/A,N/A,N/A,N/A,N/A,N/A,91.34
GOOG,ACT_SL,2021-06-07 00:00:00,N/A,91.34,N/A,N/A,N/A,N/A,N/A,N/A,N/A,N/A,N/A,94.06
GOOG,ACT_SL,2021-06-14 00:00:00,N/A,94.06,N/A,N/A,N/A,N/A,N/A,N/A,N/A,N/A,N/A,94.69
GOOG,ACT_SL,2021-06-21 00:00:00,N/A,94.69,N/A,N/A,N/A,N/A,N/A,N/A,N/A,N/A,N/A,95.13
GOOG,ACT_SL,2021-06-28 00:00:00,N/A,95.13,N/A,N/A,N/A,N/A,N/A,N/A,N/A,N/A,N/A,95.92
GOOG,ACT_SL,2021-07-05 00:00:00,N/A,95.92,N/A,N/A,N/A,N/A,N/A,N/A,N/A,N/A,N/A,97.25
GOOG,ACT_SL,2021-07-12 00:00:00,N/A,97.25,N/A,N/A,N/A,N/A,N/A,N/A,N/A,N/A,N/A,99.01
GOOG,ACT_SL,2021-07-19 00:00:00,N/A,99.01,N/A,N/A,N/A,N/A,N/A,N/A,N/A,N/A,N/A,103.34
GOOG,ACT_SL,2021-07-26 00:00:00,N/A,103.34,N/A,N/A,N/A,N/A,N/A,N/A,N/A,N/A,N/A,104.23
GOOG,ACT_SL,2021-08-23 00:00:00,N/A,104.23,N/A,N/A,N/A,N/A,N/A,N/A,N/A,N/A,N/A,107.95
GOOG,ACT_SL,2021-08-30 00:00:00,N/A,107.95,N/A,N/A,N/A,N/A,N/A,N/A,N/A,N/A,N/A,109.3
GOOG,ACT_SL,2021-10-25 00:00:00,N/A,109.3,N/A,N/A,N/A,N/A,N/A,N/A,N/A,N/A,N/A,111.01
GOOG,ACT_SL,2021-11-01 00:00:00,N/A,111.01,N/A,N/A,N/A,N/A,N/A,N/A,N/A,N/A,N/A,112.09
GOOG,ACT_SL,2021-11-08 00:00:00,N/A,112.09,N/A,N/A,N/A,N/A,N/A,N/A,N/A,N/A,N/A,112.43
GOOG,ACT_SL,2021-11-15 00:00:00,N/A,112.43,N/A,N/A,N/A,N/A,N/A,N/A,N/A,N/A,N/A,113.04
GOOG,ACT_SL,2022-01-31 00:00:00,N/A,113.04,N/A,N/A,N/A,N/A,N/A,N/A,N/A,N/A,N/A,113.23
GOOG,VENTA EMA Lenta Descendente (Filtro),2022-04-25 00:00:00,63.49,N/A,114.11,Cerrada,9972.14,79.73,0,Cierre tecnico,N/A,N/A,N/A,N/A
GOOG,COMPRA,N/A,N/A,N/A,N/A,N/A,N/A,N/A,N/A,COMPRA (Tecnica: Stoch Mid Cruce & Ascendente),2022-05-02 00:00:00,114.8,86.1,N/A
GOOG,VENTA EMA Lenta Descendente (Filtro),2022-05-09 00:00:00,114.8,N/A,115.65,Cerrada,165.75,0.74,0,Cierre tecnico,N/A,N/A,N/A,N/A
GOOG,COMPRA,N/A,N/A,N/A,N/A,N/A,N/A,N/A,N/A,COMPRA (Tecnica: EMA Lenta Ascendente),2023-04-10 00:00:00,108.65,81.49,N/A
GOOG,ACT_SL,2023-05-08 00:00:00,N/A,81.49,N/A,N/A,N/A,N/A,N/A,N/A,N/A,N/A,N/A,88.17
GOOG,ACT_SL,2023-05-15 00:00:00,N/A,88.17,N/A,N/A,N/A,N/A,N/A,N/A,N/A,N/A,N/A,94.16
GOOG,ACT_SL,2023-05-22 00:00:00,N/A,94.16,N/A,N/A,N/A,N/A,N/A,N/A,N/A,N/A,N/A,94.57
GOOG,ACT_SL,2023-06-05 00:00:00,N/A,94.57,N/A,N/A,N/A,N/A,N/A,N/A,N/A,N/A,N/A,96.44
GOOG,ACT_SL,2023-07-24 00:00:00,N/A,96.44,N/A,N/A,N/A,N/A,N/A,N/A,N/A,N/A,N/A,99.8
GOOG,ACT_SL,2023-08-21 00:00:00,N/A,99.8,N/A,N/A,N/A,N/A,N/A,N/A,N/A,N/A,N/A,100.48
GOOG,ACT_SL,2023-08-28 00:00:00,N/A,100.48,N/A,N/A,N/A,N/A,N/A,N/A,N/A,N/A,N/A,103.16
GOOG,ACT_SL,2023-09-11 00:00:00,N/A,103.16,N/A,N/A,N/A,N/A,N/A,N/A,N/A,N/A,N/A,103.88
GOOG,ACT_SL,2023-09-18 00:00:00,N/A,103.88,N/A,N/A,N/A,N/A,N/A,N/A,N/A,N/A,N/A,104.17
GOOG,ACT_SL,2023-10-09 00:00:00,N/A,104.17,N/A,N/A,N/A,N/A,N/A,N/A,N/A,N/A,N/A,105.99
GOOG,ACT_SL,2023-12-18 00:00:00,N/A,105.99,N/A,N/A,N/A,N/A,N/A,N/A,N/A,N/A,N/A,106.64
GOOG,ACT_SL,2023-12-25 00:00:00,N/A,106.64,N/A,N/A,N/A,N/A,N/A,N/A,N/A,N/A,N/A,107.15
GOOG,ACT_SL,2024-01-08 00:00:00,N/A,107.15,N/A,N/A,N/A,N/A,N/A,N/A,N/A,N/A,N/A,109.18
GOOG,ACT_SL,2024-01-15 00:00:00,N/A,109.18,N/A,N/A,N/A,N/A,N/A,N/A,N/A,N/A,N/A,110.2
GOOG,ACT_SL,2024-01-22 00:00:00,N/A,110.2,N/A,N/A,N/A,N/A,N/A,N/A,N/A,N/A,N/A,115.21
GOOG,ACT_SL,2024-01-29 00:00:00,N/A,115.21,N/A,N/A,N/A,N/A,N/A,N/A,N/A,N/A,N/A,115.53
GOOG,ACT_SL,2024-04-01 00:00:00,N/A,115.53,N/A,N/A,N/A,N/A,N/A,N/A,N/A,N/A,N/A,116.87
GOOG,ACT_SL,2024-04-08 00:00:00,N/A,116.87,N/A,N/A,N/A,N/A,N/A,N/A,N/A,N/A,N/A,120.38
GOOG,ACT_SL,2024-04-22 00:00:00,N/A,120.38,N/A,N/A,N/A,N/A,N/A,N/A,N/A,N/A,N/A,131.33
GOOG,ACT_SL,2024-05-13 00:00:00,N/A,131.33,N/A,N/A,N/A,N/A,N/A,N/A,N/A,N/A,N/A,132.13
GOOG,ACT_SL,2024-05-20 00:00:00,N/A,132.13,N/A,N/A,N/A,N/A,N/A,N/A,N/A,N/A,N/A,133.96
GOOG,ACT_SL,2024-06-10 00:00:00,N/A,133.96,N/A,N/A,N/A,N/A,N/A,N/A,N/A,N/A,N/A,135.54
GOOG,ACT_SL,2024-06-17 00:00:00,N/A,135.54,N/A,N/A,N/A,N/A,N/A,N/A,N/A,N/A,N/A,136.02
GOOG,ACT_SL,2024-06-24 00:00:00,N/A,136.02,N/A,N/A,N/A,N/A,N/A,N/A,N/A,N/A,N/A,139.74
GOOG,ACT_SL,2024-07-01 00:00:00,N/A,139.74,N/A,N/A,N/A,N/A,N/A,N/A,N/A,N/A,N/A,143.29
GOOG,ACT_SL,2024-07-08 00:00:00,N/A,143.29,N/A,N/A,N/A,N/A,N/A,N/A,N/A,N/A,N/A,144.07
GOOG,ACT_SL,2024-12-09 00:00:00,N/A,144.07,N/A,N/A,N/A,N/A,N/A,N/A,N/A,N/A,N/A,146.93
GOOG,ACT_SL,2024-12-16 00:00:00,N/A,146.93,N/A,N/A,N/A,N/A,N/A,N/A,N/A,N/A,N/A,151.57
GOOG,ACT_SL,2025-01-20 00:00:00,N/A,151.57,N/A,N/A,N/A,N/A,N/A,N/A,N/A,N/A,N/A,152.29
GOOG,ACT_SL,2025-01-27 00:00:00,N/A,152.29,N/A,N/A,N/A,N/A,N/A,N/A,N/A,N/A,N/A,154.71
GOOG,ACT_SL,2025-02-03 00:00:00,N/A,154.71,N/A,N/A,N/A,N/A,N/A,N/A,N/A,N/A,N/A,155.92
GOOG,VENTA StopLoss,2025-03-24 00:00:00,108.65,155.92,155.63,Cerrada,9677.88,43.24,0,N/A,N/A,N/A,N/A,N/A
GOOG,COMPRA,N/A,N/A,N/A,N/A,N/A,N/A,N/A,N/A,COMPRA (Tecnica: EMA Lenta Ascendente),2025-05-19 00:00:00,169.12,126.84,N/A
GOOG,ACT_SL,2025-05-26 00:00:00,N/A,126.84,N/A,N/A,N/A,N/A,N/A,N/A,N/A,N/A,N/A,132.0
GOOG,ACT_SL,2025-06-09 00:00:00,N/A,132.0,N/A,N/A,N/A,N/A,N/A,N/A,N/A,N/A,N/A,136.45
GOOG,ACT_SL,2025-07-07 00:00:00,N/A,136.45,N/A,N/A,N/A,N/A,N/A,N/A,N/A,N/A,N/A,136.75
GOOG,ACT_SL,2025-07-14 00:00:00,N/A,136.75,N/A,N/A,N/A,N/A,N/A,N/A,N/A,N/A,N/A,140.3
GOOG,ACT_SL,2025-07-21 00:00:00,N/A,140.3,N/A,N/A,N/A,N/A,N/A,N/A,N/A,N/A,N/A,149.0
GOOG,ACT_SL,2025-08-04 00:00:00,N/A,149.0,N/A,N/A,N/A,N/A,N/A,N/A,N/A,N/A,N/A,152.34
GOOG,ACT_SL,2025-08-11 00:00:00,N/A,152.34,N/A,N/A,N/A,N/A,N/A,N/A,N/A,N/A,N/A,155.26
GOOG,ACT_SL,2025-08-18 00:00:00,N/A,155.26,N/A,N/A,N/A,N/A,N/A,N/A,N/A,N/A,N/A,156.68
GOOG,ACT_SL,2025-08-25 00:00:00,N/A,156.68,N/A,N/A,N/A,N/A,N/A,N/A,N/A,N/A,N/A,161.26
GOOG,ACT_SL,2025-09-01 00:00:00,N/A,161.26,N/A,N/A,N/A,N/A,N/A,N/A,N/A,N/A,N/A,176.83
GOOG,ACT_SL,2025-09-08 00:00:00,N/A,176.83,N/A,N/A,N/A,N/A,N/A,N/A,N/A,N/A,N/A,181.65
GOOG,ACT_SL,2025-09-15 00:00:00,N/A,181.65,N/A,N/A,N/A,N/A,N/A,N/A,N/A,N/A,N/A,192.4
GOOG,ACT_SL,2025-10-13 00:00:00,N/A,192.4,N/A,N/A,N/A,N/A,N/A,N/A,N/A,N/A,N/A,193.06
GOOG,ACT_SL,2025-10-20 00:00:00,N/A,193.06,N/A,N/A,N/A,N/A,N/A,N/A,N/A,N/A,N/A,196.76
GOOG,ACT_SL,2025-10-27 00:00:00,N/A,196.76,N/A,N/A,N/A,N/A,N/A,N/A,N/A,N/A,N/A,218.8
GOOG,ACT_SL,2025-11-10 00:00:00,N/A,218.8,N/A,N/A,N/A,N/A,N/A,N/A,N/A,N/A,N/A,219.13
GOOG,ACT_SL,2025-11-17 00:00:00,N/A,219.13,N/A,N/A,N/A,N/A,N/A,N/A,N/A,N/A,N/A,230.02
GOOG,ACT_SL,2025-11-24 00:00:00,N/A,230.02,N/A,N/A,N/A,N/A,N/A,N/A,N/A,N/A,N/A,246.34
NKE,COMPRA,N/A,N/A,N/A,N/A,N/A,N/A,N/A,N/A,COMPRA (Tecnica: EMA Lenta Ascendente),2001-09-03 00:00:00,4.55,3.41,N/A
NKE,ACT_SL,2001-09-10 00:00:00,N/A,3.41,N/A,N/A,N/A,N/A,N/A,N/A,N/A,N/A,N/A,3.5
NKE,ACT_SL,2001-10-01 00:00:00,N/A,3.5,N/A,N/A,N/A,N/A,N/A,N/A,N/A,N/A,N/A,3.55
NKE,ACT_SL,2001-10-22 00:00:00,N/A,3.55,N/A,N/A,N/A,N/A,N/A,N/A,N/A,N/A,N/A,3.59
NKE,ACT_SL,2001-11-12 00:00:00,N/A,3.59,N/A,N/A,N/A,N/A,N/A,N/A,N/A,N/A,N/A,3.8
NKE,ACT_SL,2001-11-19 00:00:00,N/A,3.8,N/A,N/A,N/A,N/A,N/A,N/A,N/A,N/A,N/A,3.83
NKE,ACT_SL,2001-12-03 00:00:00,N/A,3.83,N/A,N/A,N/A,N/A,N/A,N/A,N/A,N/A,N/A,3.97
NKE,ACT_SL,2001-12-17 00:00:00,N/A,3.97,N/A,N/A,N/A,N/A,N/A,N/A,N/A,N/A,N/A,4.01
NKE,ACT_SL,2001-12-24 00:00:00,N/A,4.01,N/A,N/A,N/A,N/A,N/A,N/A,N/A,N/A,N/A,4.12
NKE,ACT_SL,2001-12-31 00:00:00,N/A,4.12,N/A,N/A,N/A,N/A,N/A,N/A,N/A,N/A,N/A,4.12
NKE,ACT_SL,2002-01-21 00:00:00,N/A,4.12,N/A,N/A,N/A,N/A,N/A,N/A,N/A,N/A,N/A,4.17
NKE,ACT_SL,2002-01-28 00:00:00,N/A,4.17,N/A,N/A,N/A,N/A,N/A,N/A,N/A,N/A,N/A,4.3
NKE,ACT_SL,2002-03-11 00:00:00,N/A,4.3,N/A,N/A,N/A,N/A,N/A,N/A,N/A,N/A,N/A,4.46
NKE,ACT_SL,2002-03-18 00:00:00,N/A,4.46,N/A,N/A,N/A,N/A,N/A,N/A,N/A,N/A,N/A,4.54
NKE,VENTA EMA Lenta Descendente (Filtro),2002-06-10 00:00:00,4.55,N/A,4.68,Cerrada,285.09,2.86,0,Cierre tecnico,N/A,N/A,N/A,N/A
NKE,COMPRA,N/A,N/A,N/A,N/A,N/A,N/A,N/A,N/A,COMPRA (Tecnica: EMA Lenta Ascendente),2002-07-01 00:00:00,5.3,3.97,N/A
NKE,ACT_SL,2002-07-08 00:00:00,N/A,3.97,N/A,N/A,N/A,N/A,N/A,N/A,N/A,N/A,N/A,4.09
NKE,VENTA EMA Lenta Descendente (Filtro),2002-07-22 00:00:00,5.3,N/A,4.59,Cerrada,-1369.59,-13.4,0,Cierre tecnico,N/A,N/A,N/A,N/A
NKE,COMPRA,N/A,N/A,N/A,N/A,N/A,N/A,N/A,N/A,COMPRA (Tecnica: EMA Lenta Ascendente),2003-03-10 00:00:00,4.7,3.53,N/A
NKE,ACT_SL,2003-03-17 00:00:00,N/A,3.53,N/A,N/A,N/A,N/A,N/A,N/A,N/A,N/A,N/A,3.79
NKE,ACT_SL,2003-04-07 00:00:00,N/A,3.79,N/A,N/A,N/A,N/A,N/A,N/A,N/A,N/A,N/A,3.8
NKE,ACT_SL,2003-04-14 00:00:00,N/A,3.8,N/A,N/A,N/A,N/A,N/A,N/A,N/A,N/A,N/A,3.86
NKE,ACT_SL,2003-04-28 00:00:00,N/A,3.86,N/A,N/A,N/A,N/A,N/A,N/A,N/A,N/A,N/A,3.95
NKE,ACT_SL,2003-05-26 00:00:00,N/A,3.95,N/A,N/A,N/A,N/A,N/A,N/A,N/A,N/A,N/A,4.01
NKE,ACT_SL,2003-06-16 00:00:00,N/A,4.01,N/A,N/A,N/A,N/A,N/A,N/A,N/A,N/A,N/A,4.04
NKE,ACT_SL,2003-06-23 00:00:00,N/A,4.04,N/A,N/A,N/A,N/A,N/A,N/A,N/A,N/A,N/A,4.09
NKE,ACT_SL,2003-09-15 00:00:00,N/A,4.09,N/A,N/A,N/A,N/A,N/A,N/A,N/A,N/A,N/A,4.43
NKE,ACT_SL,2003-09-29 00:00:00,N/A,4.43,N/A,N/A,N/A,N/A,N/A,N/A,N/A,N/A,N/A,4.52
NKE,ACT_SL,2003-10-06 00:00:00,N/A,4.52,N/A,N/A,N/A,N/A,N/A,N/A,N/A,N/A,N/A,4.59
NKE,ACT_SL,2003-10-13 00:00:00,N/A,4.59,N/A,N/A,N/A,N/A,N/A,N/A,N/A,N/A,N/A,4.62
NKE,ACT_SL,2003-11-24 00:00:00,N/A,4.62,N/A,N/A,N/A,N/A,N/A,N/A,N/A,N/A,N/A,4.8
NKE,ACT_SL,2003-12-01 00:00:00,N/A,4.8,N/A,N/A,N/A,N/A,N/A,N/A,N/A,N/A,N/A,4.84
NKE,ACT_SL,2003-12-22 00:00:00,N/A,4.84,N/A,N/A,N/A,N/A,N/A,N/A,N/A,N/A,N/A,4.86
NKE,ACT_SL,2003-12-29 00:00:00,N/A,4.86,N/A,N/A,N/A,N/A,N/A,N/A,N/A,N/A,N/A,4.91
NKE,ACT_SL,2004-01-12 00:00:00,N/A,4.91,N/A,N/A,N/A,N/A,N/A,N/A,N/A,N/A,N/A,4.98
NKE,ACT_SL,2004-01-19 00:00:00,N/A,4.98,N/A,N/A,N/A,N/A,N/A,N/A,N/A,N/A,N/A,5.03
NKE,ACT_SL,2004-02-02 00:00:00,N/A,5.03,N/A,N/A,N/A,N/A,N/A,N/A,N/A,N/A,N/A,5.09
NKE,ACT_SL,2004-02-09 00:00:00,N/A,5.09,N/A,N/A,N/A,N/A,N/A,N/A,N/A,N/A,N/A,5.24
NKE,ACT_SL,2004-02-23 00:00:00,N/A,5.24,N/A,N/A,N/A,N/A,N/A,N/A,N/A,N/A,N/A,5.32
NKE,ACT_SL,2004-03-01 00:00:00,N/A,5.32,N/A,N/A,N/A,N/A,N/A,N/A,N/A,N/A,N/A,5.34
NKE,ACT_SL,2004-03-08 00:00:00,N/A,5.34,N/A,N/A,N/A,N/A,N/A,N/A,N/A,N/A,N/A,5.55
NKE,ACT_SL,2004-03-22 00:00:00,N/A,5.55,N/A,N/A,N/A,N/A,N/A,N/A,N/A,N/A,N/A,5.6
NKE,ACT_SL,2004-09-20 00:00:00,N/A,5.6,N/A,N/A,N/A,N/A,N/A,N/A,N/A,N/A,N/A,5.72
NKE,ACT_SL,2004-10-04 00:00:00,N/A,5.72,N/A,N/A,N/A,N/A,N/A,N/A,N/A,N/A,N/A,5.77
NKE,ACT_SL,2004-10-18 00:00:00,N/A,5.77,N/A,N/A,N/A,N/A,N/A,N/A,N/A,N/A,N/A,5.81
NKE,ACT_SL,2004-10-25 00:00:00,N/A,5.81,N/A,N/A,N/A,N/A,N/A,N/A,N/A,N/A,N/A,5.86
NKE,ACT_SL,2004-11-01 00:00:00,N/A,5.86,N/A,N/A,N/A,N/A,N/A,N/A,N/A,N/A,N/A,6.19
NKE,ACT_SL,2004-11-15 00:00:00,N/A,6.19,N/A,N/A,N/A,N/A,N/A,N/A,N/A,N/A,N/A,6.28
NKE,ACT_SL,2004-12-06 00:00:00,N/A,6.28,N/A,N/A,N/A,N/A,N/A,N/A,N/A,N/A,N/A,6.32
NKE,ACT_SL,2004-12-13 00:00:00,N/A,6.32,N/A,N/A,N/A,N/A,N/A,N/A,N/A,N/A,N/A,6.61
NKE,ACT_SL,2004-12-20 00:00:00,N/A,6.61,N/A,N/A,N/A,N/A,N/A,N/A,N/A,N/A,N/A,6.62
NKE,VENTA EMA Lenta Descendente (Filtro),2005-09-05 00:00:00,4.7,N/A,7.52,Cerrada,5290.32,60.0,0,Cierre tecnico,N/A,N/A,N/A,N/A
NKE,COMPRA,N/A,N/A,N/A,N/A,N/A,N/A,N/A,N/A,COMPRA (Tecnica: EMA Lenta Ascendente),2005-09-26 00:00:00,7.84,5.88,N/A
NKE,ACT_SL,2005-10-03 00:00:00,N/A,5.88,N/A,N/A,N/A,N/A,N/A,N/A,N/A,N/A,N/A,6.04
NKE,ACT_SL,2005-10-17 00:00:00,N/A,6.04,N/A,N/A,N/A,N/A,N/A,N/A,N/A,N/A,N/A,6.07
NKE,ACT_SL,2005-10-31 00:00:00,N/A,6.07,N/A,N/A,N/A,N/A,N/A,N/A,N/A,N/A,N/A,6.33
NKE,ACT_SL,2005-11-07 00:00:00,N/A,6.33,N/A,N/A,N/A,N/A,N/A,N/A,N/A,N/A,N/A,6.35
NKE,ACT_SL,2005-11-21 00:00:00,N/A,6.35,N/A,N/A,N/A,N/A,N/A,N/A,N/A,N/A,N/A,6.38
NKE,ACT_SL,2005-12-12 00:00:00,N/A,6.38,N/A,N/A,N/A,N/A,N/A,N/A,N/A,N/A,N/A,6.6
NKE,VENTA EMA Lenta Descendente (Filtro),2006-05-01 00:00:00,7.84,N/A,7.85,Cerrada,17.92,0.13,0,Cierre tecnico,N/A,N/A,N/A,N/A
NKE,COMPRA,N/A,N/A,N/A,N/A,N/A,N/A,N/A,N/A,COMPRA (Tecnica: EMA Lenta Ascendente),2006-06-19 00:00:00,8.14,6.1,N/A
NKE,ACT_SL,2006-06-26 00:00:00,N/A,6.1,N/A,N/A,N/A,N/A,N/A,N/A,N/A,N/A,N/A,6.15
NKE,VENTA EMA Lenta Descendente (Filtro),2006-07-03 00:00:00,8.14,N/A,7.63,Cerrada,-877.71,-6.27,0,Cierre tecnico,N/A,N/A,N/A,N/A
NKE,COMPRA,N/A,N/A,N/A,N/A,N/A,N/A,N/A,N/A,COMPRA (Tecnica: Stoch Mid Cruce & Ascendente),2006-08-21 00:00:00,7.41,5.56,N/A
NKE,VENTA EMA Lenta Descendente (Filtro),2006-08-28 00:00:00,7.41,N/A,7.83,Cerrada,741.3,5.67,0,Cierre tecnico,N/A,N/A,N/A,N/A
NKE,COMPRA,N/A,N/A,N/A,N/A,N/A,N/A,N/A,N/A,COMPRA (Tecnica: EMA Lenta Ascendente),2006-09-11 00:00:00,8.02,6.02,N/A
NKE,ACT_SL,2006-09-18 00:00:00,N/A,6.02,N/A,N/A,N/A,N/A,N/A,N/A,N/A,N/A,N/A,6.3
NKE,ACT_SL,2006-09-25 00:00:00,N/A,6.3,N/A,N/A,N/A,N/A,N/A,N/A,N/A,N/A,N/A,6.45
NKE,ACT_SL,2006-10-02 00:00:00,N/A,6.45,N/A,N/A,N/A,N/A,N/A,N/A,N/A,N/A,N/A,6.5
NKE,ACT_SL,2006-10-09 00:00:00,N/A,6.5,N/A,N/A,N/A,N/A,N/A,N/A,N/A,N/A,N/A,6.52
NKE,ACT_SL,2006-10-16 00:00:00,N/A,6.52,N/A,N/A,N/A,N/A,N/A,N/A,N/A,N/A,N/A,6.58
NKE,ACT_SL,2006-10-23 00:00:00,N/A,6.58,N/A,N/A,N/A,N/A,N/A,N/A,N/A,N/A,N/A,6.82
NKE,ACT_SL,2006-11-13 00:00:00,N/A,6.82,N/A,N/A,N/A,N/A,N/A,N/A,N/A,N/A,N/A,6.96
NKE,ACT_SL,2006-11-20 00:00:00,N/A,6.96,N/A,N/A,N/A,N/A,N/A,N/A,N/A,N/A,N/A,7.06
NKE,ACT_SL,2006-11-27 00:00:00,N/A,7.06,N/A,N/A,N/A,N/A,N/A,N/A,N/A,N/A,N/A,7.2
NKE,ACT_SL,2006-12-18 00:00:00,N/A,7.2,N/A,N/A,N/A,N/A,N/A,N/A,N/A,N/A,N/A,7.35
NKE,ACT_SL,2007-01-29 00:00:00,N/A,7.35,N/A,N/A,N/A,N/A,N/A,N/A,N/A,N/A,N/A,7.36
NKE,ACT_SL,2007-02-05 00:00:00,N/A,7.36,N/A,N/A,N/A,N/A,N/A,N/A,N/A,N/A,N/A,7.57
NKE,ACT_SL,2007-02-12 00:00:00,N/A,7.57,N/A,N/A,N/A,N/A,N/A,N/A,N/A,N/A,N/A,7.81
NKE,ACT_SL,2007-02-19 00:00:00,N/A,7.81,N/A,N/A,N/A,N/A,N/A,N/A,N/A,N/A,N/A,7.87
NKE,ACT_SL,2007-02-26 00:00:00,N/A,7.87,N/A,N/A,N/A,N/A,N/A,N/A,N/A,N/A,N/A,7.91
NKE,ACT_SL,2007-03-19 00:00:00,N/A,7.91,N/A,N/A,N/A,N/A,N/A,N/A,N/A,N/A,N/A,8.01
NKE,ACT_SL,2007-04-09 00:00:00,N/A,8.01,N/A,N/A,N/A,N/A,N/A,N/A,N/A,N/A,N/A,8.02
NKE,ACT_SL,2007-05-21 00:00:00,N/A,8.02,N/A,N/A,N/A,N/A,N/A,N/A,N/A,N/A,N/A,8.06
NKE,ACT_SL,2007-05-28 00:00:00,N/A,8.06,N/A,N/A,N/A,N/A,N/A,N/A,N/A,N/A,N/A,8.32
NKE,ACT_SL,2007-06-04 00:00:00,N/A,8.32,N/A,N/A,N/A,N/A,N/A,N/A,N/A,N/A,N/A,8.38
NKE,ACT_SL,2007-06-25 00:00:00,N/A,8.38,N/A,N/A,N/A,N/A,N/A,N/A,N/A,N/A,N/A,8.65
NKE,ACT_SL,2007-07-02 00:00:00,N/A,8.65,N/A,N/A,N/A,N/A,N/A,N/A,N/A,N/A,N/A,8.76
NKE,ACT_SL,2007-07-16 00:00:00,N/A,8.76,N/A,N/A,N/A,N/A,N/A,N/A,N/A,N/A,N/A,8.81
NKE,ACT_SL,2007-09-17 00:00:00,N/A,8.81,N/A,N/A,N/A,N/A,N/A,N/A,N/A,N/A,N/A,8.94
NKE,ACT_SL,2007-10-08 00:00:00,N/A,8.94,N/A,N/A,N/A,N/A,N/A,N/A,N/A,N/A,N/A,9.3
NKE,ACT_SL,2007-10-15 00:00:00,N/A,9.3,N/A,N/A,N/A,N/A,N/A,N/A,N/A,N/A,N/A,9.49
NKE,ACT_SL,2007-10-22 00:00:00,N/A,9.49,N/A,N/A,N/A,N/A,N/A,N/A,N/A,N/A,N/A,9.52
NKE,ACT_SL,2007-10-29 00:00:00,N/A,9.52,N/A,N/A,N/A,N/A,N/A,N/A,N/A,N/A,N/A,9.76
NKE,ACT_SL,2007-12-03 00:00:00,N/A,9.76,N/A,N/A,N/A,N/A,N/A,N/A,N/A,N/A,N/A,9.95
NKE,ACT_SL,2008-03-24 00:00:00,N/A,9.95,N/A,N/A,N/A,N/A,N/A,N/A,N/A,N/A,N/A,10.42
NKE,VENTA EMA Lenta Descendente (Filtro),2008-07-07 00:00:00,8.02,N/A,11.11,Cerrada,5305.53,38.53,0,Cierre tecnico,N/A,N/A,N/A,N/A
NKE,COMPRA,N/A,N/A,N/A,N/A,N/A,N/A,N/A,N/A,COMPRA (Tecnica: EMA Lenta Ascendente),2008-08-04 00:00:00,12.43,9.32,N/A
NKE,ACT_SL,2008-08-11 00:00:00,N/A,9.32,N/A,N/A,N/A,N/A,N/A,N/A,N/A,N/A,N/A,9.6
NKE,ACT_SL,2008-09-15 00:00:00,N/A,9.6,N/A,N/A,N/A,N/A,N/A,N/A,N/A,N/A,N/A,9.91
NKE,ACT_SL,2008-09-22 00:00:00,N/A,9.91,N/A,N/A,N/A,N/A,N/A,N/A,N/A,N/A,N/A,10.11
NKE,VENTA EMA Lenta Descendente (Filtro),2008-10-13 00:00:00,12.43,N/A,11.39,Cerrada,-1589.12,-8.37,0,Cierre tecnico,N/A,N/A,N/A,N/A
NKE,COMPRA,N/A,N/A,N/A,N/A,N/A,N/A,N/A,N/A,COMPRA (Tecnica: EMA Lenta Ascendente),2009-04-13 00:00:00,10.94,8.2,N/A
NKE,ACT_SL,2009-04-20 00:00:00,N/A,8.2,N/A,N/A,N/A,N/A,N/A,N/A,N/A,N/A,N/A,8.42
NKE,ACT_SL,2009-04-27 00:00:00,N/A,8.42,N/A,N/A,N/A,N/A,N/A,N/A,N/A,N/A,N/A,8.46
NKE,VENTA EMA Lenta Descendente (Filtro),2009-05-18 00:00:00,10.94,N/A,10.5,Cerrada,-697.4,-4.02,0,Cierre tecnico,N/A,N/A,N/A,N/A
NKE,COMPRA,N/A,N/A,N/A,N/A,N/A,N/A,N/A,N/A,COMPRA (Tecnica: EMA Lenta Ascendente),2009-06-01 00:00:00,11.68,8.76,N/A
NKE,ACT_SL,2009-06-08 00:00:00,N/A,8.76,N/A,N/A,N/A,N/A,N/A,N/A,N/A,N/A,N/A,8.91
NKE,VENTA EMA Lenta Descendente (Filtro),2009-06-29 00:00:00,11.68,N/A,10.27,Cerrada,-2000.79,-12.07,0,Cierre tecnico,N/A,N/A,N/A,N/A
NKE,COMPRA,N/A,N/A,N/A,N/A,N/A,N/A,N/A,N/A,COMPRA (Tecnica: Stoch Fast Cruce & Ascendente),2009-07-06 00:00:00,10.32,7.74,N/A
NKE,VENTA EMA Lenta Descendente (Filtro),2009-07-13 00:00:00,10.32,N/A,10.55,Cerrada,323.38,2.23,0,Cierre tecnico,N/A,N/A,N/A,N/A
NKE,COMPRA,N/A,N/A,N/A,N/A,N/A,N/A,N/A,N/A,COMPRA (Tecnica: EMA Lenta Ascendente),2009-08-03 00:00:00,11.68,8.76,N/A
NKE,ACT_SL,2009-09-14 00:00:00,N/A,8.76,N/A,N/A,N/A,N/A,N/A,N/A,N/A,N/A,N/A,8.93
NKE,ACT_SL,2009-09-21 00:00:00,N/A,8.93,N/A,N/A,N/A,N/A,N/A,N/A,N/A,N/A,N/A,9.07
NKE,ACT_SL,2009-09-28 00:00:00,N/A,9.07,N/A,N/A,N/A,N/A,N/A,N/A,N/A,N/A,N/A,9.85
NKE,ACT_SL,2009-10-12 00:00:00,N/A,9.85,N/A,N/A,N/A,N/A,N/A,N/A,N/A,N/A,N/A,9.89
NKE,ACT_SL,2009-10-19 00:00:00,N/A,9.89,N/A,N/A,N/A,N/A,N/A,N/A,N/A,N/A,N/A,10.06
NKE,ACT_SL,2009-12-28 00:00:00,N/A,10.06,N/A,N/A,N/A,N/A,N/A,N/A,N/A,N/A,N/A,10.14
NKE,ACT_SL,2010-02-22 00:00:00,N/A,10.14,N/A,N/A,N/A,N/A,N/A,N/A,N/A,N/A,N/A,10.33
NKE,ACT_SL,2010-03-01 00:00:00,N/A,10.33,N/A,N/A,N/A,N/A,N/A,N/A,N/A,N/A,N/A,10.46
NKE,ACT_SL,2010-03-08 00:00:00,N/A,10.46,N/A,N/A,N/A,N/A,N/A,N/A,N/A,N/A,N/A,10.7
NKE,ACT_SL,2010-03-15 00:00:00,N/A,10.7,N/A,N/A,N/A,N/A,N/A,N/A,N/A,N/A,N/A,11.52
NKE,ACT_SL,2010-04-12 00:00:00,N/A,11.52,N/A,N/A,N/A,N/A,N/A,N/A,N/A,N/A,N/A,11.62
NKE,ACT_SL,2010-04-19 00:00:00,N/A,11.62,N/A,N/A,N/A,N/A,N/A,N/A,N/A,N/A,N/A,12.01
NKE,ACT_SL,2010-09-20 00:00:00,N/A,12.01,N/A,N/A,N/A,N/A,N/A,N/A,N/A,N/A,N/A,12.58
NKE,ACT_SL,2010-10-04 00:00:00,N/A,12.58,N/A,N/A,N/A,N/A,N/A,N/A,N/A,N/A,N/A,12.72
NKE,ACT_SL,2010-10-11 00:00:00,N/A,12.72,N/A,N/A,N/A,N/A,N/A,N/A,N/A,N/A,N/A,12.85
NKE,ACT_SL,2010-11-01 00:00:00,N/A,12.85,N/A,N/A,N/A,N/A,N/A,N/A,N/A,N/A,N/A,12.95
NKE,ACT_SL,2010-11-15 00:00:00,N/A,12.95,N/A,N/A,N/A,N/A,N/A,N/A,N/A,N/A,N/A,13.3
NKE,ACT_SL,2010-11-22 00:00:00,N/A,13.3,N/A,N/A,N/A,N/A,N/A,N/A,N/A,N/A,N/A,13.4
NKE,ACT_SL,2010-11-29 00:00:00,N/A,13.4,N/A,N/A,N/A,N/A,N/A,N/A,N/A,N/A,N/A,13.6
NKE,ACT_SL,2010-12-06 00:00:00,N/A,13.6,N/A,N/A,N/A,N/A,N/A,N/A,N/A,N/A,N/A,13.68
NKE,ACT_SL,2010-12-13 00:00:00,N/A,13.68,N/A,N/A,N/A,N/A,N/A,N/A,N/A,N/A,N/A,13.99
NKE,ACT_SL,2010-12-20 00:00:00,N/A,13.99,N/A,N/A,N/A,N/A,N/A,N/A,N/A,N/A,N/A,14.29
NKE,ACT_SL,2011-06-27 00:00:00,N/A,14.29,N/A,N/A,N/A,N/A,N/A,N/A,N/A,N/A,N/A,14.32
NKE,ACT_SL,2011-07-04 00:00:00,N/A,14.32,N/A,N/A,N/A,N/A,N/A,N/A,N/A,N/A,N/A,14.67
NKE,ACT_SL,2011-10-17 00:00:00,N/A,14.67,N/A,N/A,N/A,N/A,N/A,N/A,N/A,N/A,N/A,14.74
NKE,ACT_SL,2011-10-24 00:00:00,N/A,14.74,N/A,N/A,N/A,N/A,N/A,N/A,N/A,N/A,N/A,15.14
NKE,ACT_SL,2011-10-31 00:00:00,N/A,15.14,N/A,N/A,N/A,N/A,N/A,N/A,N/A,N/A,N/A,15.26
NKE,ACT_SL,2011-12-05 00:00:00,N/A,15.26,N/A,N/A,N/A,N/A,N/A,N/A,N/A,N/A,N/A,15.41
NKE,ACT_SL,2012-01-02 00:00:00,N/A,15.41,N/A,N/A,N/A,N/A,N/A,N/A,N/A,N/A,N/A,15.49
NKE,ACT_SL,2012-01-09 00:00:00,N/A,15.49,N/A,N/A,N/A,N/A,N/A,N/A,N/A,N/A,N/A,15.55
NKE,ACT_SL,2012-01-16 00:00:00,N/A,15.55,N/A,N/A,N/A,N/A,N/A,N/A,N/A,N/A,N/A,16.0
NKE,ACT_SL,2012-01-23 00:00:00,N/A,16.0,N/A,N/A,N/A,N/A,N/A,N/A,N/A,N/A,N/A,16.2
NKE,ACT_SL,2012-01-30 00:00:00,N/A,16.2,N/A,N/A,N/A,N/A,N/A,N/A,N/A,N/A,N/A,16.46
NKE,ACT_SL,2012-02-06 00:00:00,N/A,16.46,N/A,N/A,N/A,N/A,N/A,N/A,N/A,N/A,N/A,16.73
NKE,ACT_SL,2012-02-13 00:00:00,N/A,16.73,N/A,N/A,N/A,N/A,N/A,N/A,N/A,N/A,N/A,16.88
NKE,ACT_SL,2012-02-27 00:00:00,N/A,16.88,N/A,N/A,N/A,N/A,N/A,N/A,N/A,N/A,N/A,17.11
NKE,ACT_SL,2012-03-05 00:00:00,N/A,17.11,N/A,N/A,N/A,N/A,N/A,N/A,N/A,N/A,N/A,17.33
NKE,ACT_SL,2012-03-12 00:00:00,N/A,17.33,N/A,N/A,N/A,N/A,N/A,N/A,N/A,N/A,N/A,17.59
NKE,ACT_SL,2012-03-19 00:00:00,N/A,17.59,N/A,N/A,N/A,N/A,N/A,N/A,N/A,N/A,N/A,17.77
NKE,ACT_SL,2012-04-30 00:00:00,N/A,17.77,N/A,N/A,N/A,N/A,N/A,N/A,N/A,N/A,N/A,18.07
NKE,VENTA EMA Lenta Descendente (Filtro),2012-07-02 00:00:00,11.68,N/A,19.24,Cerrada,9563.4,64.73,0,Cierre tecnico,N/A,N/A,N/A,N/A
NKE,COMPRA,N/A,N/A,N/A,N/A,N/A,N/A,N/A,N/A,COMPRA (Tecnica: EMA Lenta Ascendente),2012-08-20 00:00:00,20.39,15.29,N/A
NKE,ACT_SL,2012-08-27 00:00:00,N/A,15.29,N/A,N/A,N/A,N/A,N/A,N/A,N/A,N/A,N/A,15.68
NKE,ACT_SL,2012-09-03 00:00:00,N/A,15.68,N/A,N/A,N/A,N/A,N/A,N/A,N/A,N/A,N/A,15.8
NKE,ACT_SL,2012-09-10 00:00:00,N/A,15.8,N/A,N/A,N/A,N/A,N/A,N/A,N/A,N/A,N/A,15.99
NKE,VENTA EMA Lenta Descendente (Filtro),2012-10-29 00:00:00,20.39,N/A,19.97,Cerrada,-499.38,-2.06,0,Cierre tecnico,N/A,N/A,N/A,N/A
NKE,COMPRA,N/A,N/A,N/A,N/A,N/A,N/A,N/A,N/A,COMPRA (Tecnica: EMA Lenta Ascendente),2012-11-26 00:00:00,20.6,15.45,N/A
NKE,ACT_SL,2012-12-03 00:00:00,N/A,15.45,N/A,N/A,N/A,N/A,N/A,N/A,N/A,N/A,N/A,15.68
NKE,ACT_SL,2012-12-10 00:00:00,N/A,15.68,N/A,N/A,N/A,N/A,N/A,N/A,N/A,N/A,N/A,15.92
NKE,ACT_SL,2012-12-17 00:00:00,N/A,15.92,N/A,N/A,N/A,N/A,N/A,N/A,N/A,N/A,N/A,16.78
NKE,ACT_SL,2012-12-24 00:00:00,N/A,16.78,N/A,N/A,N/A,N/A,N/A,N/A,N/A,N/A,N/A,16.9
NKE,ACT_SL,2013-01-07 00:00:00,N/A,16.9,N/A,N/A,N/A,N/A,N/A,N/A,N/A,N/A,N/A,17.0
NKE,ACT_SL,2013-01-14 00:00:00,N/A,17.0,N/A,N/A,N/A,N/A,N/A,N/A,N/A,N/A,N/A,17.19
NKE,ACT_SL,2013-01-21 00:00:00,N/A,17.19,N/A,N/A,N/A,N/A,N/A,N/A,N/A,N/A,N/A,17.68
NKE,ACT_SL,2013-02-11 00:00:00,N/A,17.68,N/A,N/A,N/A,N/A,N/A,N/A,N/A,N/A,N/A,17.79
NKE,ACT_SL,2013-03-18 00:00:00,N/A,17.79,N/A,N/A,N/A,N/A,N/A,N/A,N/A,N/A,N/A,19.25
NKE,ACT_SL,2013-04-08 00:00:00,N/A,19.25,N/A,N/A,N/A,N/A,N/A,N/A,N/A,N/A,N/A,19.61
NKE,ACT_SL,2013-04-22 00:00:00,N/A,19.61,N/A,N/A,N/A,N/A,N/A,N/A,N/A,N/A,N/A,19.96
NKE,ACT_SL,2013-04-29 00:00:00,N/A,19.96,N/A,N/A,N/A,N/A,N/A,N/A,N/A,N/A,N/A,20.75
NKE,ACT_SL,2013-05-13 00:00:00,N/A,20.75,N/A,N/A,N/A,N/A,N/A,N/A,N/A,N/A,N/A,21.11
NKE,ACT_SL,2013-07-29 00:00:00,N/A,21.11,N/A,N/A,N/A,N/A,N/A,N/A,N/A,N/A,N/A,21.35
NKE,ACT_SL,2013-08-05 00:00:00,N/A,21.35,N/A,N/A,N/A,N/A,N/A,N/A,N/A,N/A,N/A,21.44
NKE,ACT_SL,2013-09-09 00:00:00,N/A,21.44,N/A,N/A,N/A,N/A,N/A,N/A,N/A,N/A,N/A,22.16
NKE,ACT_SL,2013-09-16 00:00:00,N/A,22.16,N/A,N/A,N/A,N/A,N/A,N/A,N/A,N/A,N/A,22.7
NKE,ACT_SL,2013-09-23 00:00:00,N/A,22.7,N/A,N/A,N/A,N/A,N/A,N/A,N/A,N/A,N/A,24.2
NKE,ACT_SL,2013-10-14 00:00:00,N/A,24.2,N/A,N/A,N/A,N/A,N/A,N/A,N/A,N/A,N/A,24.44
NKE,ACT_SL,2013-10-21 00:00:00,N/A,24.44,N/A,N/A,N/A,N/A,N/A,N/A,N/A,N/A,N/A,24.6
NKE,ACT_SL,2013-10-28 00:00:00,N/A,24.6,N/A,N/A,N/A,N/A,N/A,N/A,N/A,N/A,N/A,24.74
NKE,ACT_SL,2013-11-04 00:00:00,N/A,24.74,N/A,N/A,N/A,N/A,N/A,N/A,N/A,N/A,N/A,24.98
NKE,ACT_SL,2013-11-11 00:00:00,N/A,24.98,N/A,N/A,N/A,N/A,N/A,N/A,N/A,N/A,N/A,25.5
NKE,ACT_SL,2013-11-18 00:00:00,N/A,25.5,N/A,N/A,N/A,N/A,N/A,N/A,N/A,N/A,N/A,25.54
NKE,ACT_SL,2013-11-25 00:00:00,N/A,25.54,N/A,N/A,N/A,N/A,N/A,N/A,N/A,N/A,N/A,25.69
NKE,ACT_SL,2013-12-02 00:00:00,N/A,25.69,N/A,N/A,N/A,N/A,N/A,N/A,N/A,N/A,N/A,25.78
NKE,ACT_SL,2013-12-09 00:00:00,N/A,25.78,N/A,N/A,N/A,N/A,N/A,N/A,N/A,N/A,N/A,25.82
NKE,ACT_SL,2014-03-03 00:00:00,N/A,25.82,N/A,N/A,N/A,N/A,N/A,N/A,N/A,N/A,N/A,25.92
NKE,ACT_SL,2014-07-28 00:00:00,N/A,25.92,N/A,N/A,N/A,N/A,N/A,N/A,N/A,N/A,N/A,25.96
NKE,ACT_SL,2014-08-25 00:00:00,N/A,25.96,N/A,N/A,N/A,N/A,N/A,N/A,N/A,N/A,N/A,26.07
NKE,ACT_SL,2014-09-01 00:00:00,N/A,26.07,N/A,N/A,N/A,N/A,N/A,N/A,N/A,N/A,N/A,26.74
NKE,ACT_SL,2014-09-08 00:00:00,N/A,26.74,N/A,N/A,N/A,N/A,N/A,N/A,N/A,N/A,N/A,26.96
NKE,ACT_SL,2014-09-22 00:00:00,N/A,26.96,N/A,N/A,N/A,N/A,N/A,N/A,N/A,N/A,N/A,29.3
NKE,ACT_SL,2014-09-29 00:00:00,N/A,29.3,N/A,N/A,N/A,N/A,N/A,N/A,N/A,N/A,N/A,29.45
NKE,ACT_SL,2014-10-06 00:00:00,N/A,29.45,N/A,N/A,N/A,N/A,N/A,N/A,N/A,N/A,N/A,29.48
NKE,ACT_SL,2014-10-20 00:00:00,N/A,29.48,N/A,N/A,N/A,N/A,N/A,N/A,N/A,N/A,N/A,29.8
NKE,ACT_SL,2014-10-27 00:00:00,N/A,29.8,N/A,N/A,N/A,N/A,N/A,N/A,N/A,N/A,N/A,30.66
NKE,ACT_SL,2014-11-03 00:00:00,N/A,30.66,N/A,N/A,N/A,N/A,N/A,N/A,N/A,N/A,N/A,30.97
NKE,ACT_SL,2014-11-10 00:00:00,N/A,30.97,N/A,N/A,N/A,N/A,N/A,N/A,N/A,N/A,N/A,31.44
NKE,ACT_SL,2014-11-17 00:00:00,N/A,31.44,N/A,N/A,N/A,N/A,N/A,N/A,N/A,N/A,N/A,32.23
NKE,ACT_SL,2014-11-24 00:00:00,N/A,32.23,N/A,N/A,N/A,N/A,N/A,N/A,N/A,N/A,N/A,32.49
NKE,ACT_SL,2015-03-16 00:00:00,N/A,32.49,N/A,N/A,N/A,N/A,N/A,N/A,N/A,N/A,N/A,34.0
NKE,ACT_SL,2015-05-11 00:00:00,N/A,34.0,N/A,N/A,N/A,N/A,N/A,N/A,N/A,N/A,N/A,34.4
NKE,ACT_SL,2015-05-18 00:00:00,N/A,34.4,N/A,N/A,N/A,N/A,N/A,N/A,N/A,N/A,N/A,34.55
NKE,ACT_SL,2015-06-15 00:00:00,N/A,34.55,N/A,N/A,N/A,N/A,N/A,N/A,N/A,N/A,N/A,35.09
NKE,ACT_SL,2015-06-22 00:00:00,N/A,35.09,N/A,N/A,N/A,N/A,N/A,N/A,N/A,N/A,N/A,36.24
NKE,ACT_SL,2015-06-29 00:00:00,N/A,36.24,N/A,N/A,N/A,N/A,N/A,N/A,N/A,N/A,N/A,36.37
NKE,ACT_SL,2015-07-06 00:00:00,N/A,36.37,N/A,N/A,N/A,N/A,N/A,N/A,N/A,N/A,N/A,36.56
NKE,ACT_SL,2015-07-13 00:00:00,N/A,36.56,N/A,N/A,N/A,N/A,N/A,N/A,N/A,N/A,N/A,37.13
NKE,ACT_SL,2015-07-20 00:00:00,N/A,37.13,N/A,N/A,N/A,N/A,N/A,N/A,N/A,N/A,N/A,37.67
NKE,ACT_SL,2015-07-27 00:00:00,N/A,37.67,N/A,N/A,N/A,N/A,N/A,N/A,N/A,N/A,N/A,38.08
NKE,ACT_SL,2015-08-03 00:00:00,N/A,38.08,N/A,N/A,N/A,N/A,N/A,N/A,N/A,N/A,N/A,38.66
NKE,ACT_SL,2015-09-21 00:00:00,N/A,38.66,N/A,N/A,N/A,N/A,N/A,N/A,N/A,N/A,N/A,41.47
NKE,ACT_SL,2015-10-05 00:00:00,N/A,41.47,N/A,N/A,N/A,N/A,N/A,N/A,N/A,N/A,N/A,41.65
NKE,ACT_SL,2015-10-12 00:00:00,N/A,41.65,N/A,N/A,N/A,N/A,N/A,N/A,N/A,N/A,N/A,43.0
NKE,ACT_SL,2015-10-19 00:00:00,N/A,43.0,N/A,N/A,N/A,N/A,N/A,N/A,N/A,N/A,N/A,43.96
NKE,ACT_SL,2015-11-23 00:00:00,N/A,43.96,N/A,N/A,N/A,N/A,N/A,N/A,N/A,N/A,N/A,44.55
NKE,ACT_SL,2015-12-21 00:00:00,N/A,44.55,N/A,N/A,N/A,N/A,N/A,N/A,N/A,N/A,N/A,45.02
NKE,VENTA EMA Lenta Descendente (Filtro),2016-06-06 00:00:00,20.6,N/A,48.77,Cerrada,32339.16,136.75,0,Cierre tecnico,N/A,N/A,N/A,N/A
NKE,COMPRA,N/A,N/A,N/A,N/A,N/A,N/A,N/A,N/A,COMPRA (Tecnica: EMA Lenta Ascendente),2016-07-04 00:00:00,50.2,37.65,N/A
NKE,ACT_SL,2016-07-11 00:00:00,N/A,37.65,N/A,N/A,N/A,N/A,N/A,N/A,N/A,N/A,N/A,39.08
NKE,ACT_SL,2016-08-15 00:00:00,N/A,39.08,N/A,N/A,N/A,N/A,N/A,N/A,N/A,N/A,N/A,39.26
NKE,ACT_SL,2016-08-22 00:00:00,N/A,39.26,N/A,N/A,N/A,N/A,N/A,N/A,N/A,N/A,N/A,40.04
NKE,VENTA EMA Lenta Descendente (Filtro),2016-09-12 00:00:00,50.2,N/A,48.97,Cerrada,-1365.3,-2.45,0,Cierre tecnico,N/A,N/A,N/A,N/A
NKE,COMPRA,N/A,N/A,N/A,N/A,N/A,N/A,N/A,N/A,COMPRA (Tecnica: Stoch Mid Cruce & Ascendente),2016-10-17 00:00:00,45.95,34.46,N/A
NKE,VENTA EMA Lenta Descendente (Filtro),2016-10-24 00:00:00,45.95,N/A,46.17,Cerrada,259.38,0.48,0,Cierre tecnico,N/A,N/A,N/A,N/A
NKE,COMPRA,N/A,N/A,N/A,N/A,N/A,N/A,N/A,N/A,COMPRA (Tecnica: Stoch Slow Cruce & Ascendente),2016-11-14 00:00:00,45.35,34.01,N/A
NKE,VENTA EMA Lenta Descendente (Filtro),2016-11-21 00:00:00,45.35,N/A,45.72,Cerrada,442.15,0.82,0,Cierre tecnico,N/A,N/A,N/A,N/A
NKE,COMPRA,N/A,N/A,N/A,N/A,N/A,N/A,N/A,N/A,COMPRA (Tecnica: EMA Lenta Ascendente),2017-02-13 00:00:00,50.55,37.91,N/A
NKE,ACT_SL,2017-02-20 00:00:00,N/A,37.91,N/A,N/A,N/A,N/A,N/A,N/A,N/A,N/A,N/A,39.02
NKE,ACT_SL,2017-03-20 00:00:00,N/A,39.02,N/A,N/A,N/A,N/A,N/A,N/A,N/A,N/A,N/A,39.53
NKE,VENTA EMA Lenta Descendente (Filtro),2017-05-08 00:00:00,50.55,N/A,48.43,Cerrada,-2283.24,-4.19,0,Cierre tecnico,N/A,N/A,N/A,N/A
NKE,COMPRA,N/A,N/A,N/A,N/A,N/A,N/A,N/A,N/A,COMPRA (Tecnica: Stoch Slow Cruce & Ascendente),2017-05-29 00:00:00,47.34,35.51,N/A
NKE,VENTA EMA Lenta Descendente (Filtro),2017-06-05 00:00:00,47.34,N/A,47.93,Cerrada,647.23,1.25,0,Cierre tecnico,N/A,N/A,N/A,N/A
NKE,COMPRA,N/A,N/A,N/A,N/A,N/A,N/A,N/A,N/A,COMPRA (Tecnica: EMA Lenta Ascendente),2017-07-03 00:00:00,51.98,38.98,N/A
NKE,ACT_SL,2017-07-10 00:00:00,N/A,38.98,N/A,N/A,N/A,N/A,N/A,N/A,N/A,N/A,N/A,39.62
NKE,ACT_SL,2017-07-17 00:00:00,N/A,39.62,N/A,N/A,N/A,N/A,N/A,N/A,N/A,N/A,N/A,40.34
NKE,ACT_SL,2017-07-31 00:00:00,N/A,40.34,N/A,N/A,N/A,N/A,N/A,N/A,N/A,N/A,N/A,40.7
NKE,VENTA EMA Lenta Descendente (Filtro),2017-08-28 00:00:00,51.98,N/A,47.84,Cerrada,-4173.12,-7.96,0,Cierre tecnico,N/A,N/A,N/A,N/A
NKE,COMPRA,N/A,N/A,N/A,N/A,N/A,N/A,N/A,N/A,COMPRA (Tecnica: EMA Lenta Ascendente),2017-10-30 00:00:00,50.12,37.59,N/A
NKE,ACT_SL,2017-11-06 00:00:00,N/A,37.59,N/A,N/A,N/A,N/A,N/A,N/A,N/A,N/A,N/A,38.12
NKE,ACT_SL,2017-11-13 00:00:00,N/A,38.12,N/A,N/A,N/A,N/A,N/A,N/A,N/A,N/A,N/A,40.16
NKE,ACT_SL,2017-11-27 00:00:00,N/A,40.16,N/A,N/A,N/A,N/A,N/A,N/A,N/A,N/A,N/A,41.3
NKE,ACT_SL,2017-12-04 00:00:00,N/A,41.3,N/A,N/A,N/A,N/A,N/A,N/A,N/A,N/A,N/A,41.54
NKE,ACT_SL,2017-12-11 00:00:00,N/A,41.54,N/A,N/A,N/A,N/A,N/A,N/A,N/A,N/A,N/A,44.05
NKE,ACT_SL,2017-12-18 00:00:00,N/A,44.05,N/A,N/A,N/A,N/A,N/A,N/A,N/A,N/A,N/A,44.13
NKE,ACT_SL,2018-01-15 00:00:00,N/A,44.13,N/A,N/A,N/A,N/A,N/A,N/A,N/A,N/A,N/A,45.52
NKE,ACT_SL,2018-01-22 00:00:00,N/A,45.52,N/A,N/A,N/A,N/A,N/A,N/A,N/A,N/A,N/A,46.46
NKE,ACT_SL,2018-01-29 00:00:00,N/A,46.46,N/A,N/A,N/A,N/A,N/A,N/A,N/A,N/A,N/A,46.59
NKE,ACT_SL,2018-02-12 00:00:00,N/A,46.59,N/A,N/A,N/A,N/A,N/A,N/A,N/A,N/A,N/A,46.71
NKE,ACT_SL,2018-02-26 00:00:00,N/A,46.71,N/A,N/A,N/A,N/A,N/A,N/A,N/A,N/A,N/A,47.56
NKE,ACT_SL,2018-05-14 00:00:00,N/A,47.56,N/A,N/A,N/A,N/A,N/A,N/A,N/A,N/A,N/A,48.61
NKE,ACT_SL,2018-05-21 00:00:00,N/A,48.61,N/A,N/A,N/A,N/A,N/A,N/A,N/A,N/A,N/A,49.9
NKE,ACT_SL,2018-06-04 00:00:00,N/A,49.9,N/A,N/A,N/A,N/A,N/A,N/A,N/A,N/A,N/A,51.68
NKE,ACT_SL,2018-06-25 00:00:00,N/A,51.68,N/A,N/A,N/A,N/A,N/A,N/A,N/A,N/A,N/A,55.15
NKE,ACT_SL,2018-08-06 00:00:00,N/A,55.15,N/A,N/A,N/A,N/A,N/A,N/A,N/A,N/A,N/A,55.75
NKE,ACT_SL,2018-08-20 00:00:00,N/A,55.75,N/A,N/A,N/A,N/A,N/A,N/A,N/A,N/A,N/A,56.98
NKE,ACT_SL,2018-09-10 00:00:00,N/A,56.98,N/A,N/A,N/A,N/A,N/A,N/A,N/A,N/A,N/A,57.26
NKE,ACT_SL,2018-09-17 00:00:00,N/A,57.26,N/A,N/A,N/A,N/A,N/A,N/A,N/A,N/A,N/A,58.72
NKE,ACT_SL,2019-02-25 00:00:00,N/A,58.72,N/A,N/A,N/A,N/A,N/A,N/A,N/A,N/A,N/A,60.23
NKE,ACT_SL,2019-03-04 00:00:00,N/A,60.23,N/A,N/A,N/A,N/A,N/A,N/A,N/A,N/A,N/A,60.39
NKE,ACT_SL,2019-03-18 00:00:00,N/A,60.39,N/A,N/A,N/A,N/A,N/A,N/A,N/A,N/A,N/A,60.8
NKE,ACT_SL,2019-04-15 00:00:00,N/A,60.8,N/A,N/A,N/A,N/A,N/A,N/A,N/A,N/A,N/A,61.77
NKE,ACT_SL,2019-07-15 00:00:00,N/A,61.77,N/A,N/A,N/A,N/A,N/A,N/A,N/A,N/A,N/A,61.85
NKE,ACT_SL,2019-09-23 00:00:00,N/A,61.85,N/A,N/A,N/A,N/A,N/A,N/A,N/A,N/A,N/A,64.07
NKE,ACT_SL,2019-09-30 00:00:00,N/A,64.07,N/A,N/A,N/A,N/A,N/A,N/A,N/A,N/A,N/A,65.38
NKE,ACT_SL,2019-10-14 00:00:00,N/A,65.38,N/A,N/A,N/A,N/A,N/A,N/A,N/A,N/A,N/A,66.56
NKE,ACT_SL,2019-10-21 00:00:00,N/A,66.56,N/A,N/A,N/A,N/A,N/A,N/A,N/A,N/A,N/A,66.84
NKE,ACT_SL,2019-12-02 00:00:00,N/A,66.84,N/A,N/A,N/A,N/A,N/A,N/A,N/A,N/A,N/A,67.32
NKE,ACT_SL,2019-12-09 00:00:00,N/A,67.32,N/A,N/A,N/A,N/A,N/A,N/A,N/A,N/A,N/A,68.0
NKE,ACT_SL,2019-12-16 00:00:00,N/A,68.0,N/A,N/A,N/A,N/A,N/A,N/A,N/A,N/A,N/A,70.16
NKE,ACT_SL,2019-12-23 00:00:00,N/A,70.16,N/A,N/A,N/A,N/A,N/A,N/A,N/A,N/A,N/A,70.43
NKE,ACT_SL,2019-12-30 00:00:00,N/A,70.43,N/A,N/A,N/A,N/A,N/A,N/A,N/A,N/A,N/A,70.71
NKE,ACT_SL,2020-01-06 00:00:00,N/A,70.71,N/A,N/A,N/A,N/A,N/A,N/A,N/A,N/A,N/A,71.08
NKE,ACT_SL,2020-01-13 00:00:00,N/A,71.08,N/A,N/A,N/A,N/A,N/A,N/A,N/A,N/A,N/A,72.33
NKE,ACT_SL,2020-01-20 00:00:00,N/A,72.33,N/A,N/A,N/A,N/A,N/A,N/A,N/A,N/A,N/A,73.07
NKE,VENTA StopLoss,2020-03-09 00:00:00,50.12,73.07,69.91,Cerrada,18958.82,39.49,0,N/A,N/A,N/A,N/A,N/A
NKE,COMPRA,N/A,N/A,N/A,N/A,N/A,N/A,N/A,N/A,COMPRA (Tecnica: EMA Lenta Ascendente),2020-04-13 00:00:00,83.17,62.38,N/A
NKE,ACT_SL,2020-04-27 00:00:00,N/A,62.38,N/A,N/A,N/A,N/A,N/A,N/A,N/A,N/A,N/A,63.4
NKE,ACT_SL,2020-05-11 00:00:00,N/A,63.4,N/A,N/A,N/A,N/A,N/A,N/A,N/A,N/A,N/A,63.59
NKE,ACT_SL,2020-05-18 00:00:00,N/A,63.59,N/A,N/A,N/A,N/A,N/A,N/A,N/A,N/A,N/A,65.66
NKE,ACT_SL,2020-05-25 00:00:00,N/A,65.66,N/A,N/A,N/A,N/A,N/A,N/A,N/A,N/A,N/A,69.86
NKE,ACT_SL,2020-06-01 00:00:00,N/A,69.86,N/A,N/A,N/A,N/A,N/A,N/A,N/A,N/A,N/A,72.81
NKE,ACT_SL,2020-08-10 00:00:00,N/A,72.81,N/A,N/A,N/A,N/A,N/A,N/A,N/A,N/A,N/A,74.65
NKE,ACT_SL,2020-08-17 00:00:00,N/A,74.65,N/A,N/A,N/A,N/A,N/A,N/A,N/A,N/A,N/A,76.34
NKE,ACT_SL,2020-08-24 00:00:00,N/A,76.34,N/A,N/A,N/A,N/A,N/A,N/A,N/A,N/A,N/A,78.44
NKE,ACT_SL,2020-08-31 00:00:00,N/A,78.44,N/A,N/A,N/A,N/A,N/A,N/A,N/A,N/A,N/A,81.84
NKE,ACT_SL,2020-09-07 00:00:00,N/A,81.84,N/A,N/A,N/A,N/A,N/A,N/A,N/A,N/A,N/A,83.12
NKE,ACT_SL,2020-09-14 00:00:00,N/A,83.12,N/A,N/A,N/A,N/A,N/A,N/A,N/A,N/A,N/A,83.98
NKE,ACT_SL,2020-09-21 00:00:00,N/A,83.98,N/A,N/A,N/A,N/A,N/A,N/A,N/A,N/A,N/A,90.88
NKE,ACT_SL,2020-10-05 00:00:00,N/A,90.88,N/A,N/A,N/A,N/A,N/A,N/A,N/A,N/A,N/A,91.44
NKE,ACT_SL,2020-10-12 00:00:00,N/A,91.44,N/A,N/A,N/A,N/A,N/A,N/A,N/A,N/A,N/A,91.54
NKE,ACT_SL,2020-10-19 00:00:00,N/A,91.54,N/A,N/A,N/A,N/A,N/A,N/A,N/A,N/A,N/A,91.57
NKE,ACT_SL,2020-11-09 00:00:00,N/A,91.57,N/A,N/A,N/A,N/A,N/A,N/A,N/A,N/A,N/A,95.04
NKE,ACT_SL,2020-11-30 00:00:00,N/A,95.04,N/A,N/A,N/A,N/A,N/A,N/A,N/A,N/A,N/A,96.16
NKE,ACT_SL,2020-12-07 00:00:00,N/A,96.16,N/A,N/A,N/A,N/A,N/A,N/A,N/A,N/A,N/A,98.18
NKE,ACT_SL,2020-12-14 00:00:00,N/A,98.18,N/A,N/A,N/A,N/A,N/A,N/A,N/A,N/A,N/A,98.57
NKE,ACT_SL,2020-12-21 00:00:00,N/A,98.57,N/A,N/A,N/A,N/A,N/A,N/A,N/A,N/A,N/A,103.34
NKE,ACT_SL,2021-06-21 00:00:00,N/A,103.34,N/A,N/A,N/A,N/A,N/A,N/A,N/A,N/A,N/A,108.4
NKE,ACT_SL,2021-06-28 00:00:00,N/A,108.4,N/A,N/A,N/A,N/A,N/A,N/A,N/A,N/A,N/A,112.18
NKE,ACT_SL,2021-07-05 00:00:00,N/A,112.18,N/A,N/A,N/A,N/A,N/A,N/A,N/A,N/A,N/A,113.57
NKE,ACT_SL,2021-07-12 00:00:00,N/A,113.57,N/A,N/A,N/A,N/A,N/A,N/A,N/A,N/A,N/A,114.11
NKE,ACT_SL,2021-07-19 00:00:00,N/A,114.11,N/A,N/A,N/A,N/A,N/A,N/A,N/A,N/A,N/A,116.72
NKE,ACT_SL,2021-07-26 00:00:00,N/A,116.72,N/A,N/A,N/A,N/A,N/A,N/A,N/A,N/A,N/A,117.72
NKE,ACT_SL,2021-08-02 00:00:00,N/A,117.72,N/A,N/A,N/A,N/A,N/A,N/A,N/A,N/A,N/A,122.29
NKE,ACT_SL,2021-11-01 00:00:00,N/A,122.29,N/A,N/A,N/A,N/A,N/A,N/A,N/A,N/A,N/A,125.8
NKE,VENTA EMA Lenta Descendente (Filtro),2022-02-14 00:00:00,83.17,N/A,134.12,Cerrada,40861.9,61.26,0,Cierre tecnico,N/A,N/A,N/A,N/A
NKE,COMPRA,N/A,N/A,N/A,N/A,N/A,N/A,N/A,N/A,COMPRA (Tecnica: EMA Lenta Ascendente),2023-01-09 00:00:00,122.19,91.64,N/A
NKE,ACT_SL,2023-01-16 00:00:00,N/A,91.64,N/A,N/A,N/A,N/A,N/A,N/A,N/A,N/A,N/A,91.78
NKE,ACT_SL,2023-01-30 00:00:00,N/A,91.78,N/A,N/A,N/A,N/A,N/A,N/A,N/A,N/A,N/A,93.39
NKE,VENTA EMA Lenta Descendente (Filtro),2023-05-22 00:00:00,122.19,N/A,102.24,Cerrada,-17476.2,-16.33,0,Cierre tecnico,N/A,N/A,N/A,N/A
NKE,COMPRA,N/A,N/A,N/A,N/A,N/A,N/A,N/A,N/A,COMPRA (Tecnica: EMA Lenta Ascendente),2023-12-04 00:00:00,111.34,83.5,N/A
NKE,ACT_SL,2023-12-11 00:00:00,N/A,83.5,N/A,N/A,N/A,N/A,N/A,N/A,N/A,N/A,N/A,88.32
NKE,ACT_SL,2023-12-18 00:00:00,N/A,88.32,N/A,N/A,N/A,N/A,N/A,N/A,N/A,N/A,N/A,88.89
NKE,VENTA EMA Lenta Descendente (Filtro),2023-12-25 00:00:00,111.34,N/A,104.29,Cerrada,-5654.1,-6.33,0,Cierre tecnico,N/A,N/A,N/A,N/A
NKE,COMPRA,N/A,N/A,N/A,N/A,N/A,N/A,N/A,N/A,COMPRA (Tecnica: Stoch Fast Cruce & Ascendente),2024-07-08 00:00:00,71.05,53.29,N/A
NKE,VENTA EMA Lenta Descendente (Filtro),2024-07-15 00:00:00,71.05,N/A,70.36,Cerrada,-808.68,-0.97,0,Cierre tecnico,N/A,N/A,N/A,N/A
NKE,COMPRA,N/A,N/A,N/A,N/A,N/A,N/A,N/A,N/A,COMPRA (Tecnica: Stoch Slow Cruce & Ascendente),2024-11-18 00:00:00,75.24,56.43,N/A
NKE,VENTA EMA Lenta Descendente (Filtro),2024-11-25 00:00:00,75.24,N/A,76.57,Cerrada,1452.36,1.77,0,Cierre tecnico,N/A,N/A,N/A,N/A
NKE,COMPRA,N/A,N/A,N/A,N/A,N/A,N/A,N/A,N/A,COMPRA (Tecnica: Stoch Slow Cruce & Ascendente),2025-06-02 00:00:00,61.67,46.25,N/A
NKE,VENTA EMA Lenta Descendente (Filtro),2025-06-09 00:00:00,61.67,N/A,59.84,Cerrada,-2472.33,-2.97,0,Cierre tecnico,N/A,N/A,N/A,N/A
NKE,COMPRA,N/A,N/A,N/A,N/A,N/A,N/A,N/A,N/A,COMPRA (Tecnica: EMA Lenta Ascendente),2025-08-18 00:00:00,77.48,58.11,N/A
NKE,ACT_SL,2025-08-25 00:00:00,N/A,58.11,N/A,N/A,N/A,N/A,N/A,N/A,N/A,N/A,N/A,59.44
NKE,VENTA EMA Lenta Descendente (Filtro),2025-09-08 00:00:00,77.48,N/A,72.54,Cerrada,-5132.66,-6.38,0,Cierre tecnico,N/A,N/A,N/A,N/A
NKE,COMPRA,N/A,N/A,N/A,N/A,N/A,N/A,N/A,N/A,COMPRA (Tecnica: Stoch Mid Cruce & Ascendente),2025-11-10 00:00:00,63.76,47.82,N/A
NKE,VENTA EMA Lenta Descendente (Filtro),2025-11-17 00:00:00,63.76,N/A,62.4,Cerrada,-1600.72,-2.13,0,Cierre tecnico,N/A,N/A,N/A,N/A
